seller_id,seller_zip_code_prefix,seller_city,seller_state
e49c26c3edfa46d227d5121a6b6e4d37,55325,brejao,PE
ccc4bbb5f32a6ab2b7066a4130f114e3,80310,curitiba,PR
8bd0f31cf0a614c658f6763bd02dea69,01222,sao paulo,SP
f7496d659ca9fdaf323c0aae84176632,04156,sao paulo,SP
2a1348e9addc1af5aaa619b1a3679d6b,30494,belo horizonte,MG
1f9ab4708f3056ede07124aad39a2554,17602,tupa,SP
c353f8fc0ce8344999f17d578eb69a5e,90850,porto alegre,RS
0747d5bb69f0586cc869d8af4c50f93e,28990,saquarema,RJ
b7ba853e9551f4558440881fd3e5c815,95500,santo antonio da patrulha,RS
cbbd5ae8f53de5f5097cd8217b529e24,06544,santana de parnaiba,SP
a416b6a846a11724393025641d4edd5e,03702,sao paulo,SP
7e93a43ef30c4f03f38b393420bc753a,06429,barueri,SP
5206cc4bc2297c833e6061c49bf9c43f,06192,osasco,SP
ef506c96320abeedfb894c34db06f478,03569,sao paulo,SP
7722b1df1b0e383e000397b2c11e3e19,09715,sao bernardo do campo,SP
4e7c18b98d84e05cbae3ff0ff03846c2,14882,jaboticabal,SP
b56906f7fd1696e043f1bcce164c487b,19830,echapora,SP
669ae81880e08f269a64487cfb287169,89160,rio do sul,SC
63ffcb71394dd8ea3872ed9ffda17c74,24813,itaborai,RJ
422be4cc81a457fdb46f47edeb968ae5,14940,ibitinga,SP
62760d278921b5f352461620d68a9cee,13320,salto,SP
0c8380b62e38e8a1e6adbeba7eb9688c,37410,tres coracoes,MG
7b07b3c7487f0ea825fc6df75abd658b,02016,sao paulo,SP
fce62094ffe6a4009188ec44e681dfdd,04674,sao paulo,SP
ebef8d8c92b4fd3226e5d407bbff21ac,14020,ribeirao preto,SP
024b564ae893ce8e9bfa02c10a401ece,03280,sao paulo,SP
c8e135e7b21ecbc36c1153a29d2f5a06,01411,sao paulo,SP
229c3efbfb0ea2058de4ccdfbc3d784a,30190,belo horizonte,MG
fa40cc5b934574b62717c68f3d678b6d,02310,sao paulo,SP
aaed1309374718fdd995ee4c58c9dfcd,89120,timbo,SC
ff314fa6033cc68ec451c47aee2d6ba4,05424,sao paulo,SP
5fd924b4836098a5be0ecf81ba054ce0,03554,sao paulo,SP
bee36b4f9a2b9fdcaff6ec05df202ed0,03308,sao paulo,SP
eec3469d83e142f9a104886655338c37,17030,bauru,SP
b92e3c8f9738272ff7c59e111e108d7c,36502,uba,MG
50c9975695009e5e6473912e83a6d1da,35530,claudio,MG
b14db04aa7881970e83ffa9426897925,18048,sorocaba,SP
a3a38f4affed601eb87a97788c949667,89204,joinville,SC
38e679b9e0064cd94c6f035707344dae,86010,londrina,PR
54aa8463e87776b5612f4bdc4bd5d4de,30550,belo horizonte,MG
e067ad2c1c0b48758eb1b5228bcf7a68,11045,santos,SP
ce33c6211beaa8fef4cae8b52db39862,08655,suzano,SP
5f2684dab12e59f83bef73ae57724e45,05125,sao paulo,SP
004c9cd9d87a3c30c522c48c4fc07416,14940,ibitinga,SP
3bdff180c7e1f6551a643b99c265a120,04811,sao paulo,SP
011b0eaba87386a2ae96a7d32bb531d1,17580,pompeia,SP
822b63912576852aea9a8436d72317b7,13840,mogi guacu,SP
aba1721a889e04decc910aa13b768ef4,05729,sao paulo,SP
cab85505710c7cb9b720bceb52b01cee,02252,sao paulo,SP
8c3b533c63cca56240f94f1e3a6b18ef,31050,belo horizonte,MG
6cd68b3ed6d59aaa9fece558ad360c0a,31255,belo horizonte,MG
4be2e7f96b4fd749d52dff41f80e39dd,69900,rio branco,AC
01cf7e3d21494c41fb86034f2e714fa1,85603,francisco beltrao,PR
fa1a9dec3a9940c072684a46728bf1fc,88820,icara,SC
cb8bcce248bb1fb274ba762d8b971456,37540,santa rita do sapucai,MG
8c91bfea4263b8fba54081460693e2a1,98920,horizontina,RS
cfb1a033743668a192316f3c6d1d2671,18110,votorantim,SP
adcf50477d6a1f5d91bb9d54c4903cb5,35530,claudio,MG
ea6b12bf9ffe2bac34602ec631d97a47,07093,guarulhos,SP
67e43d802fde8cfd3f9580124f8167d1,07062,guarulhos,SP
2b1a40c1daabc6ca280c4b815c101841,35500,divinopolis,MG
5bc237df65098fe211bb4818f4d26d78,38410,uberlandia,MG
e5a38146df062edaf55c38afa99e42dc,01233,sao paulo,SP
62c50c1af4dfdc4149d25c5222043d39,04782,sao paulo,SP
f45122a9ab94eb4f3f8953578bc0c560,13419,piracicaba,SP
13e85aac53340018b40c2af68001b7e0,13920,pedreira,SP
b6dc74ed30f124f95227bed4e43a3bed,86702,arapongas,PR
f5f2ab9bdb6b30c14c61be68c5ed37da,13660,porto ferreira,SP
1554a68530182680ad5c8b042c3ab563,37580,monte siao,MG
87142160b41353c4e5fca2360caf6f92,90230,porto alegre,RS
11305281b50fff20ae8bb473f8e11876,36500,uba,MG
fa1c13f2614d7b5c4749cbc52fecda94,13170,sumare,SP
bf100ecb7997df312b285358fb32f92c,83070,sao jose dos pinhais,PR
ddd51ae8cda92f3995a51fc0f0f3eec7,23062,rio de janeiro,RJ
2bdb95a56a36ebbc6640337ac5eac174,04054,sao paulo,SP
96493fab2fbb13a14d0c0e8772eef5c3,05537,sao paulo,SP
99eaacc9e6046db1c82b163c5f84869f,14400,franca,SP
d98eec89afa3380e14463da2aabaea72,90010,porto alegre,RS
23613d49c3ac2bd302259e55c06c050c,13660,porto ferreira,SP
93b9a99027bd8bd6af682aff18dd19bf,07600,mairipora,SP
c3cfdc648177fdbbbb35635a37472c53,80610,curitiba,PR
2138ccb85b11a4ec1e37afbd1c8eda1f,08250,sao paulo,SP
054694fa03fe82cec4b7551487331d74,15840,itajobi,SP
38102b031c2a15e54623d711bfc753d3,62170,mucambo,CE
391fc6631aebcf3004804e51b40bcf1e,14940,ibitinga,SP
7994081388d55b9cf976c050653dd359,01244,sao paulo,SP
d1a1b40ec554c593a1a99366746289dd,85501,pato branco,PR
bfd27a966d91cfaafdb25d076585f0da,13930,serra negra,SP
6b15924333bd1a741595fe981ea04822,09541,sao caetano do sul,SP
24c1de8d9551c0b4fbc53317d53efda8,58385,serra redonda,PB
0336182e1b3e92f029d5354832045fdf,14940,ibitinga,SP
934ed5cd1b9c1c7382d0a94a94b9e639,81070,curitiba,PR
6edacfd9f9074789dad6d62ba7950b9c,07135,guarulhos,SP
f9f68daa2af419d38f745478bcb3da1a,13180,sumare,SP
15aec03fe4cf30dfa574cf550f5ff5ff,21862,rio de janeiro,RJ
3faf68a3b0af94b10bac70d86077be49,13825,holambra,SP
f650a9708fa1bab22bdd8d3a818cc415,88901,ararangua,SC
ca3bd7cd9f149df75950150d010fe4a2,04361,sao paulo,SP
4b1eaadf791bdbbad8c4a35b65236d52,14092,ribeirao preto,SP
59417c56835dd8e2e72f91f809cd4092,13480,limeira,SP
4bde6149c15cf7e177b36fa060dd6de8,99500,carazinho,RS
fe1bbc5feda5c8979a8a1b3b2512d5a6,38680,arinos,MG
7e959205cebc10adefcb331f934238a4,01223,sao paulo,SP
d379f449f2a3b271bc01c0782020f705,35500,divinopolis,MG
f3041c2e75ec683697a6a5ea82192210,35680,itauna,MG
bd697db56ff8e7c9cd1abeb7f72029b2,03533,sao paulo,SP
bf0045791395e66460eb04749c68672a,04256,sao paulo,SP
8a87611c08849ffeeccab52aa798b6c7,82940,curitiba,PR
436bf27f2f18474fc6047702e9f8a866,13041,campinas,SP
45213867cefbf2cd4c6177e10216a951,13603,araras,SP
fa5fdc4e4bb6bd1009ad0e4ac4096562,09111,santo andre,SP
3606774ec64634822d78dc2db6d37045,09510,sao caetano do sul,SP
c7dcd301ecfe5ab7f778ac172cf74be7,30120,belo horizonte,MG
515d781150feed28a6ac091bb0e3cb8c,79090,campo grande,MS
dd2bdf855a9172734fbc3744021ae9b9,31255,belo horizonte,MG
933446e9a59dece7ae9175103820ca8f,81730,curitiba,PR
4aba391bc3b88717ce08eb11e44937b2,45816,arraial d'ajuda (porto seguro),BA
4d600e08ecbe08258c79e536c5a42fee,85988,entre rios do oeste,PR
6df688df543f90e9b38f4319e75a9d88,31230,belo horizonte,MG
b1fecf4da1fa2689bccffa0121953643,79107,campo grande,MS
0307f7565ff85b299b6e5ef162b1b1a9,15085,sao jose do rio preto,SP
5b664594895aefb418afaee6d40a9a23,25750,petropolis,RJ
bcd2d7510d58e293f20fad6438c1b314,81540,curitiba,PR
5c603ffb38cbbf25a0e0698941324143,37004,varginha,MG
2bd05d410a8fd26dc4184a15f4f2f588,31130,belo horizonte,MG
fe19dce63ae80346207c6c55713d1023,38010,uberaba,MG
701938c450705b8ae65fc923b70f35c7,15014,s jose do rio preto,SP
33ac3e28642ab8bda860a2f693000e78,06717,cotia,SP
ed859002ad59dbf8cf3602696a6c3000,86035,londrina,PR
8fdca8e349553f99bc738833a62c8802,02189,sao paulo,SP
2059c39f76271d4ca3f15b5ffaccc8b8,81930,curitiba,PR
8cbac7e12637ed9cffa18c7875207478,89254,jaragua do sul,SC
aae3bfea055532c57fb453ed3ec80b30,09271,santo andre,SP
cb5df0dcb9e280b1780e9d589889f2c7,15115,bady bassitt,SP
9bcdfa7b615b3abb9461d9e3ad9886ae,89053,blumenau,SC
6c1b6d0c604b776f844125f911eb7377,05051,sao paulo,SP
a888faf2d1baececa6baf9c3d603ee1f,87502,umuarama,PR
41b39e28db005d9731d9d485a83b4c38,09220,santo andre,SP
001cca7ae9ae17fb1caed9dfb1094831,29156,cariacica,ES
3985a3c45be355a4c57fde108bfabd1c,95690,rolante,RS
cd06602b43d8800bd0afad514919d35c,04119,sao paulo,SP
2e0dba2da448400b1c11d7b4b22f32a4,09070,santo andre,SP
9baf5cb77970f539089d09a38bcec5c3,13330,indaiatuba,SP
b127efdabeffb5d559349c7b172eb75d,04308,sao paulo,SP
d91fb3b7d041e83b64a00a3edfb37e4f,11704,praia grande,SP
c13fb473e7cb8b83ccd543c094df0608,05319,sao paulo,SP
79565f7d5603b24ddf07ade262547f2f,14804,araraquara,SP
87f3e35268860433e13d577825aada95,12955,bom jesus dos perdoes,SP
63b464dbf392c7b80d12d932fa7cafed,02034,sao paulo,SP
7c67e1448b00f6e969d365cea6b010ab,08577,itaquaquecetuba,SP
91f0eec23d4a61d7d7caeefa3f0ad1ca,88704,tubarao,SC
b335c59ab742f751a85db9c411a86739,38442,araguari,MG
abe021b01ba992245271b9aa422032df,80420,curitiba,PR
25e6ffe976bd75618accfe16cefcbd0d,05503,sao paulo,SP
1da366cade6d8276e7d8beea7af5d4bf,36500,uba,MG
7e1fb0a3ebfb01ffb3a7dae98bf3238d,14403,franca,SP
48985c61529077fa4f1e38bcff0f2ed3,90020,porto alegre,RS
d2374cbcbb3ca4ab1086534108cc3ab7,14940,ibitinga,SP
c9a06ece156bb057372c68718ec8909b,73020,brasilia,DF
b98b715fe9e276204e2a3464f48cd796,03827,sao paulo,SP
999f6d9a1c7c81f43be44c6b7d076210,05269,sao paulo,SP
48efc9d94a9834137efd9ea76b065a38,81130,curitiba,PR
1d29dfba02015238dfbe2449a5eaa361,36576,vicosa,MG
6dc9bec584588412a6a338830946a3e4,03270,sao paulo,SP
9add47bf45ce8e8c7db6b9cf670b1e09,83830,fazenda rio grande,PR
373ee4a3a775a733770ca3f790b8b9ac,22793,rio de janeiro,RJ
432c67955c0acd1fd6b0b5d678766a71,05571,sao paulo,SP
6338ea67c41078a46ad99cc009654956,95170,farroupilha,RS
817f85dbb65aa3e70831d90fe75cdf89,18530,tiete,SP
903037660cf848a717166eb7a06d616e,05734,sao paulo,SP
e99e927c81e3f51739c94fcdfca9f10f,38400,uberlandia,MG
066a6914e1ebf3ea95a216c73a986b91,85863,foz do iguacu,PR
6d66611d7c44cc30ce351abc49a68421,04378,sao paulo,SP
76d5af76d0271110f9af36c92573f765,03194,sao paulo,SP
41c9d3997dd3c072c31139dc5bb5761f,38182,araxa,MG
700f03c207639c22d933381ff60b35c2,14784,barretos,SP
cc419e0650a3c5ba77189a1882b7556a,09015,santo andre,SP
7008613ea464bad5cb9b83456e1e6a8f,89460,canoinhas,SC
77dcbb67ccb3659bd58eaf5661560a30,95900,lajeado,RS
dc317f341ab0e22f39acbd9dbf9b4a1f,94910,cachoeirinha,RS
1b8356dabde1d35e17cef975c3f82730,03477,sao paulo,SP
05ff92fedb5be47920fea08e501238b9,98803,santo angelo,RS
de66a66f2dd06bb9ec37aa96987466a3,20910,rio de janeiro,RJ
2e3be8a987a30d7544dbbda6861cc14e,30620,belo horizonte,MG
b2ba3715d723d245138f291a6fe42594,03470,sao paulo,SP
31344c16881c08a8a72c6d2eb29918c1,36500,uba,MG
3481aa57cd91f9f9d3fa1fa12d9a3bf7,13360,capivari,SP
bac44fa8e13424950488659b5f765c41,04534,sao paulo,SP
77530e9772f57a62c906e1c21538ab82,80310,curitiba,PR
edf96ef93ed595084bbcbd9224bd2894,01545,sao paulo,SP
75fbb52eda0cbc24f479d3b2fbfa8d3e,74560,goiania,GO
062ce95fa2ad4dfaedfc79260130565f,95913,lajeado,RS
582d4f8675b945722eda7c0cb61ba4c7,11250,bertioga,SP
b499c00f28f4b7069ff6550af8c1348a,13481,limeira,SP
7a2d2949aea47fab95fd98d6c9f618b1,81350,curitiba,PR
624f4ece8da4aafb77699233d480f8ef,05138,sao paulo,SP
1771297ac436903d1dd6b0e9279aa505,07025,guarulhos,SP
e1bed63d68ac36fe1f3061befe196af5,13848,mogi guacu,SP
df560393f3a51e74553ab94004ba5c87,87900,loanda,PR
6c177e38df6d3f34182b1f1d427231bf,80430,curitiba,PR
e3b4998c7a498169dc7bce44e6bb6277,03635,sao paulo,SP
ae9690c6e8fee182c28c9ff8e11ca52c,04361,sao paulo,SP
5bba18b40e8c973b0f32e748004775b0,15840,itajobi,SP
56db5c0782e8f7ddc9343f9576ff6d16,88132,palhoca,SC
f5b84683a9bf9e1df748cf40f601b39c,01127,sao paulo,SP
392e0502231ae2f8b29994ef6398cd77,18760,cerqueira cesar,SP
4e922959ae960d389249c378d1c939f5,12327,jacarei,SP
8581055ce74af1daba164fdbd55a40de,07112,guarulhos,SP
8b8cfc8305aa441e4239358c9f6f2485,86020,londrina,PR
bb5bd94c8f59cc050072d2930c869cac,05008,sao paulo,SP
2be17df1c49978426251562096c3cc09,88704,tubarao,SC
19e0f40a907ec568c34bfac15de4f4a1,13478,americana,SP
ecccfa2bb93b34a3bf033cc5d1dcdc69,81810,curitiba,PR
989becdce12ebc39863c2bceab6f3ca1,81730,curitiba,PR
318f287a62ab7ac10b703ac37435a231,04773,sao paulo,SP
5b179e9e8cc7ab6fd113a46ca584da81,05424,sao paulo,SP
834f8533b2ecb6598dd004ff3de7203a,05181,sao paulo,SP
440dd6ab244315c632130ecfb63827b1,15502,votuporanga,SP
45d33f715e24d15a6ccf5c17b3a23e3c,18015,sorocaba,SP
16090f2ca825584b5a147ab24aa30c86,12940,atibaia,SP
78c99c6dff4eeae5be99bf635ed21e3f,17510,marilia,SP
a36ac007a4d18f865c8d32c3b2402c2d,06455,barueri,SP
56642bcb79900e777d68e91915cb4267,03701,sao paulo,SP
1d0997ff06b524ce9289ffd75114ecd3,52020,recife,PE
ce27a3cc3c8cc1ea79d11e561e9bebb6,03006,sao paulo,SP
272f092de69afedd4d2969440b37f18f,03265,sao paulo,SP
8cc6a0e5738e61a87b03c78b2ba9db4b,37795,andradas,MG
c53bcd3be457a342a97e39e5a9f0be22,49980,neopolis,SE
897060da8b9a21f655304d50fd935913,14092,ribeirao preto,SP
76d336555bb25f3165d2f0d6da719c40,18015,sorocaba,SP
afa6714acee029b2dfdf357e5579cc03,13690,descalvado,SP
da8622b14eb17ae2831f4ac5b9dab84a,13405,piracicaba,SP
4b90495391ac0bd181a80a459df1e718,96400,bage,RS
5f1dc28029d2c244352a68107ec2b542,05126,sao paulo,SP
710e3548e02bc1d2831dfc4f1b5b14d4,86600,rolandia,PR
30a2f535bb48308f991d0b9ad4a8c4bb,13457,santa barbara d'oeste,SP
a36b125ac6d5fdbc7f50de85c9157bdc,14020,ribeirao preto,SP
1336efc61c316ddf92c899eb817f7cae,19800,assis,SP
620c87c171fb2a6dd6e8bb4dec959fc6,25645,petropolis,RJ
c542f5a8c64d973f30e9df8d06f70b4a,02013,sao paulo,SP
cac4c8e7b1ca6252d8f20b2fc1a2e4af,13347,indaiatuba,SP
cb32766839f443db85c82a43c4a6c19e,13506,rio claro,SP
cf281cf8b7affbdfe751b29cc85580e1,61760,eusebio,CE
3d01d1c414c44b5943a09619ff3853cb,13040,campinas,SP
58e4b302b54937e55a678c4d15111da4,83402,colombo,PR
7dc8c42cc750eeafea6c85712ffee9bf,05424,sao paulo,SP
8d92f3ea807b89465643c219455e7369,03052,sao paulo,SP
7e26c750b4cb9f6766f58265ff9ebe95,30270,belo horizonte,MG
5a8e7d5003a1f221f9e1d6e411de7c23,13076,campinas,SP
20f0aeea30bc3b8c4420be8ced4226c0,13456,santa barbara d'oeste,SP
575df70bde3f9f2b30bf8d2e9910d725,15075,sao jose do rio preto,SP
522620dcb18a6b31cd7bdf73665113a9,85801,cascavel,PR
820c7c9eaf76d2b226b6c242bcf3f34d,04756,sao paulo,SP
85d9eb9ddc5d00ca9336a2219c97bb13,31255,belo horizonte,MG
973f21788dfab357250f69a8dcb7ddee,35530,claudio,MG
79ee721b6f766066a80264402548d359,17011,bauru,SP
dc4a0fc896dc34b0d5bfec8438291c80,14940,ibitinga,SP
e26901d5ab434ce92fd9b5c256820a4e,09350,maua,SP
aac29b1b99776be73c3049939652091d,38408,uberlandia,MG
54a1852d1b8f10312c55e906355666ee,13456,santa barbara d'oeste,SP
a425f92c199eb576938df686728acd20,81050,curitiba,PR
3c3017960b2dbd72711a61f0400aab8f,89251,jaragua do sul,SC
d12c926d74ceff0a90a21184466ce161,02634,sao paulo,SP
f235413f677777a0738ff215d0184901,17250,bariri,SP
bb135baca94c82fcb731335ad5b04a03,04362,sao paulo,SP
6e0908ef4d4efadbc3cc2b74ea477cb0,20910,rio de janeiro,RJ
dbb9b48c841a0e39e21f98e1a6b2ec3e,03929,sao paulo,SP
e83c76265fc54bf41eac728805e4da77,16074,aracatuba,SP
e83e93b71371817b11d78a63ff156aee,06409,barueri,SP
328acb143b4a73aad6bee8e734f5d20d,85865,foz do iguacu,PR
0cbcee27c791afa0cdcb08587a2013a8,37410,tres coracoes,MG
cca3071e3e9bb7d12640c9fbe2301306,14940,ibitinga,SP
d50d79cb34e38265a8649c383dcffd48,08290,sao paulo,SP
8b11118053756a9a2932f447e11fc1b5,17350,igaracu do tiete,SP
0adac9fbd9a2b63cccaac4f8756c1ca8,13290,louveira,SP
7b0df942f46435babab05d49b744b2c4,12924,braganca paulista,SP
42fb44130ac3134cde8e35cf8ec7df25,12995,pinhalzinho,SP
184a67a8f9f63234d3a92340bbdb727f,89220,joinville,SC
6fc26fe110feebd80a433e1f012a84f9,15601,fernandopolis,SP
2f4b9d112bfa44a214bc6cef085d17c8,29600,afonso claudio,ES
3d39fbf22a665714baf62fae36029e23,13040,campinas,SP
e6a69c4a27dfdd98ffe5aa757ad744bc,04424,sao paulo,SP
5ab05b6d86d417796c69ffd6774ec832,19815,assis,SP
d4d99b60c4c94cd35acd502cec65dc8d,04904,sao paulo,SP
9de4643a8dbde634fe55621059d92273,89225,joinville,SC
86bb7c4b535e49a541baf3266b1c95b1,14401,franca,SP
820cc752a266cdc6c1a1e61dd4583330,87050,maringa,PR
7a67c85e85bb2ce8582c35f2203ad736,03426,sao paulo,SP
0ea22c1cfbdc755f86b9b54b39c16043,35700,sete lagoas,MG
232a6014e7b10cba61c6c2b2ea6bb4b0,16500,cafelandia,SP
712e6ed8aa4aa1fa65dab41fed5737e4,89560,videira,SC
f5403d3f50089112c4eed37928b7f622,15600,fernandopolis,SP
f435898e493ba0356019a0b1cb8b55b1,81720,curitiba,PR
7a073a40a9d3f1fee8bc45670ea1e909,86040,londrina,PR
3361277dc30b7cccdb0c286b24219756,87015,maringa,PR
48162d548f5b1b11b9d29d1e01f75a61,13403,piracicaba,SP
45a3d05fb00435e52a28859dd03703b3,07176,guarulhos,SP
9646c3513289980f17226a2fc4720dbd,12215,sao jose dos campos,SP
b1aaae6b66ad3c40f54b389d7ea4bee0,04714,sao paulo,SP
1782ce2db72c3dda627d5e7c898104e1,06766,taboao da serra,SP
ffff564a4f9085cd26170f4732393726,13070,campinas,SP
939f6e231201f26803cb5c3a3d2940b3,17051,bauru,SP
d03698c2efd04a549382afa6623e27fb,45658,ilheus,BA
8f119a0aee85c0c8fc534629734e94fd,06440,barueri,SP
a7f13822ceb966b076af67121f87b063,08577,itaquaquecetuba,SP
4e8dacf3d38f281ae26c3e0321d92d88,08420,sao paulo,SP
80e6699fe29150b372a0c8a1ebf7dcc8,83323,pinhais,PR
9c3c24eca51c52b91c1de727d2a2ae06,95020,caxias do sul,RS
5656537e588803a555b8eb41f07a944b,72015,brasilia,DF
5dceca129747e92ff8ef7a997dc4f8ca,13450,santa barbara d´oeste,SP
3340ef1913fb70d28420f6ceb685c339,87040,maringa,PR
1bb2bdb95f4841f1bba2c0d2cd83d3c9,01257,sao paulo,SP
f4aba7c0bca51484c30ab7bdc34bcdd1,01031,sao paulo,SP
327b89b872c14d1c0be7235ef4871685,69005,manaus,AM
e9d99831abad74458942f21e16f33f92,03542,sao paulo,SP
dc8798cbf453b7e0f98745e396cc5616,05455,sao paulo,SP
bb3dca718920a4d7ec3cc9ffb025108b,08011,sao paulo,SP
365e445f796710c3431557e85caa25db,04083,sao paulo,SP
0bb738e4d789e63e2267697c42d35a2d,18130,sao roque,SP
8c16d1f32a54d92897cc437244442e1b,89023,blumenau,SC
61f159ef6da2d441951d2c0efa719362,29160,serra,ES
d65f31d2413268e671989503f6cf9993,13160,artur nogueira,SP
835f0f7810c76831d6c7d24c7a646d4d,08030,sao paulo,SP
bd4ff04377f974574f7f0bf9d6ce7dde,17370,santa maria da serra,SP
ad14615bdd492b01b0d97922e87cb87f,88704,tubarao,SC
5cf13accae3222c70a9cac40818ae839,38700,patos de minas,MG
96804ea39d96eb908e7c3afdb671bb9e,38950,ibia,MG
57c764b4a836300be881e2ff86e449f9,14021,ribeirao preto,SP
e627629ba868740e287800f1a9be81c2,01421,sao paulo,SP
8d79c8a04e42d722a75097ce5cbcf2ef,61658,caucaia,CE
4a3ca9315b744ce9f8e9374361493884,14940,ibitinga,SP
ed49da7cadefc454d6a67de249eab240,05571,sao paulo,SP
0725b8c0f3f906e58f70cbe76b7c748c,07023,guarulhos,SP
218d46b86c1881d022bce9c68a7d4b15,14070,ribeirao preto,SP
b3e2faf2c1004d674f16a3aa3197f0e1,14093,ribeirao preto,SP
2f09f7d37a97956d11cc1a7cadd5262b,14090,ribeirao preto,SP
f41ce2e25237f9092cd8e6e7516c7a2f,07013,guarulhos,SP
8e6cc767478edae941d9bd9eb778d77a,38442,araguari,MG
3f8034bfc6b8b4135534975d49f04c63,81560,curitiba,PR
02a2272692e13558373c66db98f05e2e,20040,rio de janeiro,RJ
bbf9ad41dca6603e614efcdad7aab8c4,60348,fortaleza,CE
4da0e408c99d2fdc2126dc9fce518060,86300,cornelio procopio,PR
e24fc9fcd865784fb25705606fe3dfe7,12913,braganca paulista,SP
3a52d63a8f9daf5a28f3626d7eb9bd28,71900,aguas claras df,SP
c458e2045a8aa8964f8879af03fdcce6,09572,sao caetano do sul,SP
8a32e327fe2c1b3511609d81aaf9f042,02443,sao paulo,SP
0f519b0d2e5eb2227c93dd25038bfc01,14940,ibitinga,SP
3be5841cdcc46de4ed3f9116f104b2c5,06473,barueri,SP
818d28f936e791926d33bcb6ee94ef79,04141,sao paulo,SP
bfd938b22bc99bce1ae60dc602889f52,22775,rio de janeiro,RJ
244c2f1bff6afe1f2eaf9bfe9b2aed38,08832,mogi das cruzes,SP
f0563bacf40c311f1c4d3d6b67b8a7a7,88704,tubarao,SC
b76dba6c951ab00dc4edf0a1aa88037e,03237,sao paulo,SP
1bc2e21de46adfea6b98cc96b00f3b40,89228,joinville,SC
b1204cfda1d4948679db3cfc0d3cb95c,07170,guarulhos,SP
b4ffb71f0cb1b1c3d63fad021ecf93e1,03880,sao paulo,SP
1e483cc5c76fef08d3ca05f9a8af7d01,02929,sao paulo,SP
0887a9f087bcd5d9f6642b52f897fc6c,11990,cananeia,SP
abc015ebac1d283a323ca9db35ede4b9,14055,ribeirao preto,SP
75d34ebb1bd0bd7dde40dd507b8169c3,41820,salvador,BA
57e632711dec9ec14ca7546769483e7e,88372,navegantes,SC
cb3dd9ce66268c7a3ca7241ac70ab58c,03028,sao paulo,SP
ed9eef5be0992d413d251fadba1a410d,13845,mogi guacu,SP
64b87978a11c1ea7501a89eabe8c2c1a,19300,presidente bernardes,SP
403aa86912527d730337ffcb0fb096ab,30220,belo horizonte,MG
6cf476a4ca74498db55cbccdaa9dcfb6,02873,sao paulo,SP
c447f8dd3ed213f291d65ef074a268eb,19802,assis,SP
891071be6ba827b591264c90c2ae8a63,03872,sao paulo,SP
dd58ee93286b0821565574c570e9e1dc,81650,curitiba,PR
827f8f69dfa529c561901c4f2e0f332f,81880,curitiba,PR
59fb871bf6f4522a87ba567b42dafecf,03655,sao paulo,SP
debe6615cd90cc0c2eac2b8988e1f628,04282,sao paulo,SP
92eb0f42c21942b6552362b9b114707d,03504,sao paulo,SP
725c32fa80c2faacc4fc88450d27314e,03320,sao paulo,SP
b17b679f4f5ce2e03ce6968c62648246,14090,ribeirao preto,SP
dd264199fc8b687ad029de7de6d760e6,85815,cascavel,PR
0db783cfcd3b73998abc6e10e59a102f,11010,santos,SP
e48b04bf1aa1ef711caebeb7aede6180,80240,curitiba,PR
f67efa3f0b6761102a7f8c6b7b571f5d,82300,curitiba,PR
c273175f7c6c80fb02f051e2fc6d0d72,05849,sao paulo,SP
f09b760d23495ac9a7e00d29b769007c,15802,catanduva,SP
5c243662ce92d84573bfaff24c3e3700,03702,sao paulo,SP
38874e327ce94d11390b96eb42d61928,08577,itaquaquecetuba,SP
c8660dcf9ba70575f45d80fe28c27713,02040,sao paulo,SP
0b09101900100c0e9d312861fad5a1b9,03168,sao paulo,SP
e8f6dc8e6a1dcde89d20e3995c8d90b3,03476,sao paulo,SP
f8db351d8c4c4c22c6835c19a46f01b0,13324,salto,SP
1b8b75e227c9a9c100d0c210fb6176ce,05468,sao paulo,SP
5b33b527da3c5b969cc99dc435cad09a,87702,paranavai,PR
c9d2ba8dde44a275ae06475ed1d2fafc,38400,uberlandia,MG
bf961104a38e01b9062ee026bb657dee,14055,ribeirao preto,SP
2199e7fe213c16213bf5d6a7eadc9a5d,11900,registro,SP
9535a841eecebed61a9fb1ac1cbb5597,01208,sao paulo,SP
83e197e95a1bbabc8c75e883ed016c47,25900,mage,RJ
5f0057b677eb963672bf05dfa3f16c34,01309,sao paulo,SP
17f51e7198701186712e53a39c564617,03908,sao paulo,SP
70a12e78e608ac31179aea7f8422044b,12327,jacarei,SP
2eeb6531ee027a48d401e72bebdd87d3,12230,sao jose dos campos,SP
d101c6da914ae3d53f7bee42283f2fe2,08072,sao paulo,SP
82bd0703a4aefd6b599e5bfdaed378fb,17510,marilia,SP
612a743d294c27884fb7b80d2b19ba35,80620,curitiba,PR
c12d7463a579237ffb9248bd7cff378b,08275,sao paulo,SP
46dc3b2cc0980fb8ec44634e21d2718e,22240,rio de janeiro,RJ
fedaedd3ca31d56ab33e92035e4b361c,24310,niteroi,RJ
70eea00b476a314817cefde4aad4f89a,13250,itatiba,SP
d66c305afaec317ebee552073a674429,33936,ribeirao das neves,MG
89bc797e2e29667aa035d4368f9b7f92,02969,sao paulo,SP
c43d924a0f1688ee9fae0efcd6f539d4,20710,rio de janeiro,RJ
7d456afc660226829370f3173d14520c,08820,mogi das cruzes,SP
014c0679dd340a0e338872e7ec85666a,35180,timoteo,MG
6ee85be3693ed79a8e80718743d80655,03937,sao paulo,SP
0b36063d5818f81ccb94b54adfaebbf5,89255,jaragua do sul,SC
87b740daf17b5d1be335a64164ec6842,08615,suzano,SP
d4f91e8be86b38da2ee35bc489645a9d,12512,guaratingueta,SP
63b9ae557efed31d1f7687917d248a8d,13720,sao jose do rio pardo,SP
e2aee0892199b1d92530e371abd825bf,86600,rolandia,PR
586a871d4f1221763fddb6ceefdeb95e,90630,porto alegre,RS
9198786624eaeb375793215cad26cfa6,89136,rodeio,SC
6b9b80d53ba3676eafe60268a810b5a1,31160,belo horizonte,SP
9df5750209b83567ec144eb299d7d634,93032,sao leopoldo,RS
2493dc3f20131696a0ecdb9948051a8d,71065,brasilia,DF
f9244d45189d3a3605499abddeade7d5,03029,sao paulo,SP
198c7ea11960a9844b544d9bcdca860c,37590,jacutinga,MG
a478c7961d6a992065b24e63b366f90b,89036,blumenau,SC
e603cf3fec55f8697c9059638d6c8eb5,96080,pelotas,RS
