product_id,product_category_name,product_name_lenght,product_description_lenght,product_photos_qty,product_weight_g,product_length_cm,product_height_cm,product_width_cm
c78b767da00efb70c1bcccab87c28cd5,informatica_acessorios,35,1101,2,300,42,2,30
20e37962088a4061d3578def47a8648b,moveis_decoracao,60,208,1,800,40,10,34
b864b103180d5a6a3f830e67f93e8735,bebes,47,980,4,600,70,11,11
c3b7e4d83e530c27a8e6368296aece48,moveis_decoracao,60,1972,2,850,69,11,11
68bfdbfe84f03af17733b10362f10020,moveis_decoracao,63,244,4,600,29,12,23
c615805546392ec3b8a20c6590c4d400,pet_shop,54,261,6,2000,30,34,17
a1bf559ac1eab015ba992bd76d9d76c7,informatica_acessorios,32,1074,2,200,39,2,30
2029248294c186017ecfc48cecd47bbd,ferramentas_jardim,44,586,3,3250,32,14,22
bb31a27a0b24236c8ce7e0c6264c51ec,telefonia,49,276,12,100,19,3,11
8d51190d4e52d32e6abf3d0551501114,telefonia,61,212,1,200,19,4,11
3c2f792f1041177a81913a977431a99e,eletronicos,40,549,1,200,20,20,20
e5d860a0fff2e94bd1a406456cc6c4b3,eletrodomesticos_2,38,2030,2,13200,66,19,67
6b5af19067eeadc0f331687a79ca656b,papelaria,62,621,1,600,16,6,11
e24f73b7631ee3fbb2ab700a9acaa258,fashion_bolsas_e_acessorios,60,1118,6,2250,22,15,20
09c3d39641970009c198caed304ccfc4,bebes,52,1659,1,300,68,7,13
0d79e2972015716ede4fabeb5b60f8c6,market_place,50,257,3,2150,40,25,30
b72e63f4630dcaded1689b28efa4c583,brinquedos,59,1272,5,1000,30,13,30
8eed5d27f5b8c6248731efb4782f6141,automotivo,41,1510,1,2800,16,2,11
d24659126d5bbd0b1bacba3e8d17a978,esporte_lazer,32,513,3,250,16,6,20
386486367c1f9d4f587a8864ccb6902b,cama_mesa_banho,54,120,1,835,40,9,33
2a763f02c6a7a8ab7c1be0460ff891d0,moveis_decoracao,53,575,1,2500,35,9,25
9fa0c72476690fbc66bcacc498fe7fd6,informatica_acessorios,34,1122,2,100,18,11,14
9ff668529410eefd5bca723acb4834c1,moveis_decoracao,59,439,1,1800,30,6,20
38650206798cd31f659906705a0eff70,moveis_decoracao,58,275,1,1800,45,14,35
9dbf7eb5228b2070008a2e331b114512,informatica_acessorios,35,1101,1,250,42,2,30
e000ecbb2e86143e74b3b2c3cf15f21e,brinquedos,60,196,4,1150,30,30,30
606bfa78f6209099f25529bb1211522f,moveis_decoracao,40,241,2,4000,52,6,52
201ec8e4fb8456dd06265be68eb419a7,moveis_decoracao,52,1743,2,800,68,8,13
ca17b18b38db6e0d2c33d362322f2a06,livros_tecnicos,32,2228,1,1900,30,6,30
d0f5d2822e06a19526cb384022af2a9a,moveis_decoracao,55,743,1,2200,34,8,22
2d6676e04aac85ce66dcf8d0529f4012,perfumaria,46,458,1,500,20,12,15
33202a8e7a645388c41ed714203d7131,alimentos,45,911,1,3350,20,21,20
ca26080d8f0fa848c329fe732f5e34e8,,,,,1800,25,25,25
f997c8ca952938be7b2d487f761c7e76,telefonia_fixa,50,78,1,99,22,3,16
5445335704bf8a32827f3bf6b9701ed9,esporte_lazer,39,468,1,200,20,20,20
2eb9b2ef7c1da3c7b99702452ea4729f,tablets_impressao_imagem,64,547,3,300,26,3,26
66f01f544ba693e1a1a7428caec79279,moveis_decoracao,54,757,6,3300,19,7,16
ace5d86cf1ac63cdb76f49e5cd23d2f8,moveis_decoracao,60,473,1,600,30,4,20
4c35791f944cf1550e8ae288b3f9e258,informatica_acessorios,53,514,3,424,25,10,19
614d9b959168fce3e0cbd0645acbb666,moveis_decoracao,36,80,2,400,16,28,16
ceeba7d5636e59173cc5f484e913db3d,,,,,30000,65,65,65
b76d57984db550fe9e6f3ad3467e3025,market_place,63,1498,4,1800,20,40,21
f3ff1b0df51e4b86a6dc168c8bfe7dc9,moveis_decoracao,63,394,1,1650,45,15,35
1a596515dcbe1a261f8dc0640ccb5149,moveis_decoracao,57,384,1,600,30,10,20
d248fe1e952b5b5d62572369cc23ac3c,relogios_presentes,34,608,3,600,23,19,15
701657bde0d39ea77205d996a89d9009,fashion_underwear_e_moda_praia,60,1511,5,300,30,16,11
f4d1833c85057a25ac14374dda132701,beleza_saude,63,1421,5,200,16,5,11
4a625789888350aabb6b1acd0e8f9e39,moveis_decoracao,49,833,1,1000,40,8,40
753de82a096285dc21658d87c4933771,fashion_bolsas_e_acessorios,41,187,1,100,16,16,16
7642ddbf174d9a97119510f56be6c201,brinquedos,55,1131,3,1950,30,35,35
d5448c89ef7dc8228e12ae75e180ba74,telefonia,44,101,1,100,20,20,20
8934769521d632e65c27992662f05673,cool_stuff,26,1105,3,200,17,4,13
36696562bef043d7e07305d62baf5ca7,moveis_decoracao,63,199,6,3800,42,16,26
d51e0a7f437c0d14f560082ed007fd85,perfumaria,36,47,1,210,17,11,14
92ee7c820f6eb0c532ecd94508e3cc29,audio,37,329,4,200,18,6,16
15d5088ad671c687e6ee89b9ba4e0766,eletroportateis,25,812,1,17325,35,40,40
6ff2272628904adc50a60b0d755e9526,relogios_presentes,38,361,1,500,18,11,14
bc2d6310e5cbd60facb2f9c8d9471597,cool_stuff,23,779,2,7100,36,47,32
81c891c541361f1108fe9e2a645324d9,cool_stuff,47,832,3,13900,34,93,34
c8fac97dc76c4867dbe264c28b31fafe,market_place,62,602,1,200,16,16,16
c62dee961914cc2e49239963b04258ec,moveis_escritorio,63,1352,1,25400,64,30,74
d696750e550fd0f733979dd7e5dff921,utilidades_domesticas,44,916,2,950,53,5,13
a8fe47ad6f852f93cc92c7b408687de3,esporte_lazer,27,202,5,400,70,10,20
e4e9fa024c5f014419b395452a41987c,esporte_lazer,59,355,1,3450,16,105,55
94f2d239e688aa415a2dd620435e8344,fashion_bolsas_e_acessorios,54,434,6,120,17,9,17
9d395a6bc9dbad2dfe60c8c92d8df397,moveis_decoracao,59,2001,3,850,69,11,11
d4f91ac96799dc3d9221293e29892e30,brinquedos,43,713,3,700,35,7,35
ecb4c7c604905689ed8075d75c012acc,moveis_escritorio,43,1207,1,14550,56,60,36
c57c6b0b6d9868bc2164f6182b52d9ca,beleza_saude,50,440,5,300,28,7,21
cf1d8e226162a1d0ad61f29b7ed72d82,market_place,53,1377,2,250,18,8,18
eba7488e1c67729f045ab43fac426f2e,perfumaria,43,259,1,610,22,14,16
6050e522f532bdf1c69623a0312a39db,esporte_lazer,24,158,2,1800,26,14,16
e27c4dd075a521097a085bced0631ce7,moveis_sala,31,618,2,9750,27,15,92
154e7e31ebfa092203795c972e5804a6,beleza_saude,48,575,1,100,20,15,15
8d3995daf4103cf13ff5400bf66c1587,bebes,30,1570,3,300,30,10,20
5c15e8f223a8bf0d7858c403ddc1b0ed,moveis_decoracao,63,699,1,650,45,15,35
6ec3c050cedb96661c07a891ee359146,casa_construcao,63,380,4,1200,16,20,38
cd8c7501d1e3a66f282dfed8dbd5ab9f,beleza_saude,53,3954,1,3700,40,10,20
086351823300e0339f6955b27998c186,cama_mesa_banho,49,189,1,3305,65,12,45
8b502ca34e28d30605bc667b965b6abf,relogios_presentes,63,1323,3,550,16,13,13
34742604f6cd1e891726b849b6890f81,esporte_lazer,47,1582,1,12000,105,46,46
34b2f2ad489d0598df09cab99e17c928,ferramentas_jardim,21,703,3,7600,40,40,40
a8255c87078b4bd9bc05fe7290ca5c25,automotivo,44,1034,1,24000,61,67,33
6256f069a778d733a18702d577570abf,beleza_saude,18,592,1,3600,45,11,15
2cfec57b3d2ea171bceca7aef38d044a,market_place,37,199,1,50,40,40,30
99ad29366bb604be21e29faa41057d34,informatica_acessorios,57,151,2,800,42,8,31
dca18a6e2fb6da75092ed874094ed7b6,telefonia,62,340,1,300,13,8,10
de6517dda8e49774f58c07f80abc8d7a,market_place,56,975,1,950,26,17,24
09337f4d317bae01dfa96e6d368eafc4,,,,,800,38,10,16
9cfb95272c4cd1e98619d3bdea888a7c,cool_stuff,33,604,1,1700,42,25,15
d585c50d622ff40b4d69959caa42a5a3,beleza_saude,50,1580,1,1036,20,19,14
36eef04eb938af8bd108b4e2753b5a95,moveis_decoracao,31,192,1,1600,24,27,39
402e8d6a95c83da5c3cef16b795329b9,moveis_decoracao,40,160,3,523,20,25,20
8d1cfc0463b545928bfb4e589e017bd4,market_place,55,1626,1,175,17,10,19
15529bfa2d73947d1e03020f58f5a016,moveis_escritorio,34,1042,1,6800,45,55,16
8c34ab7fffe8c063bc8c6da88aa92185,esporte_lazer,40,1034,3,200,105,10,15
9e71d4f2f252c40fd2528b50789ed5f1,automotivo,44,351,4,300,16,11,11
5b8d60277cb78caf49ba0c814eae519b,telefonia,40,945,1,300,16,2,11
eb7172d8a3c64298d2d767f6603c231e,brinquedos,51,296,2,250,23,11,22
a695ab8413ea83619cde9b18292d6aa1,moveis_decoracao,38,503,4,1700,23,7,23
fe09eb5f7bfcb79d05df7c4e83ec204e,consoles_games,60,574,1,200,16,2,11
c9576e5363ae9a93988b372d07f54b81,fashion_underwear_e_moda_praia,63,3853,9,700,20,10,15
24c5d76ef43ee1782af51114a121ca3d,moveis_decoracao,54,586,1,1700,33,8,23
12a3f3a8ef6c5e3c29c88e670fd61ee9,cama_mesa_banho,55,376,1,1000,39,11,28
47c064333cf67e5cdc8243db3f095767,utilidades_domesticas,63,369,3,1000,30,5,35
67639b8cb7f4b8c431ed4c48a76866e0,moveis_decoracao,59,241,1,2200,42,12,37
fb060ad9a8625b626189641799bccf89,esporte_lazer,63,569,3,275,24,8,12
59038ff2ef33867691a60d4fe44ae544,moveis_decoracao,58,286,4,7950,30,35,30
6c34d241bbd85d693f1fee6a4b8a8e2b,eletroportateis,40,753,2,7350,35,35,40
80d3aeff2ab6c9d795010c029dbd5ddd,moveis_sala,31,342,1,4350,58,15,53
e7d26dd6742baca292020c158e6720c3,malas_acessorios,40,124,1,450,24,47,34
92c1eb75a887a500d9689fbad65e27e3,moveis_escritorio,41,1205,1,17150,58,61,24
87ecdbf76c33c8f2dabc40eeb821dc6b,moveis_decoracao,63,911,4,600,23,7,16
f422d0d9f8b5f7c27289382b14b61248,brinquedos,63,361,3,1800,38,12,35
07c055536ebf10dfbb6c6db6dbfc36e5,moveis_decoracao,59,473,1,600,30,3,20
82183967d9fde935fc0b0189bb68ccec,malas_acessorios,41,132,1,500,22,46,34
b150110bc5afad8ff2cce5cd50c8e2a2,beleza_saude,50,614,1,367,24,14,23
4c7d4a2efde21e3bf1660926fabc6a9d,beleza_saude,60,316,3,250,18,10,15
34239894e175b17d8c84edc6c73b4dad,bebes,35,221,5,400,29,12,23
093be8c4566a25d70e577faa3539d7d3,moveis_decoracao,55,2027,3,6700,90,4,50
2a5806f10d0f00e5ad032dd2e3c8806e,moveis_escritorio,46,1350,1,11875,57,55,22
966a067b38634929844120e39b1576bc,bebes,34,496,2,2050,33,13,29
2504bf725d7aa06820b73b85c5ca6653,utilidades_domesticas,44,250,2,1500,32,5,28
61509eaebb2d4bd1a7511b1a75703f8c,utilidades_domesticas,50,500,1,300,25,2,17
ef9ae4fb9a9005e8e463cc2616084276,esporte_lazer,48,730,2,9000,44,35,23
db7a58cce179f80f562fb714ceee9319,bebes,51,132,1,1260,36,8,30
d3060c543b1b88a647cc284ed7a9dd4a,pet_shop,38,817,4,6200,69,10,49
8b2a1e0d2ee4fa00cd00519b7881203a,automotivo,49,283,3,17400,50,40,40
0ec63d4c614fff936b02b10d242bf955,moveis_decoracao,59,457,3,1350,45,15,35
5554c5718f820a868853dbc5ca859b3b,esporte_lazer,40,595,1,3100,19,19,11
67f9d01bcd84e2229ba6f8a75b635b40,moveis_decoracao,58,372,1,300,37,15,27
bd3024f7222c241a5e112251621397cb,esporte_lazer,28,247,3,150,22,6,15
d8de812ed5d981fc6a3984f4caa2aa05,esporte_lazer,44,1854,6,525,29,16,20
c1bc9defa33e2379fa66e43dd1875480,moveis_decoracao,49,170,2,6000,60,30,35
989fd236458b9c0410bc6e1cf23cde4d,cool_stuff,36,777,4,1700,25,26,83
7c1bd920dbdf22470b68bde975dd3ccf,beleza_saude,59,492,2,200,22,10,18
a1efe4a86746c22541813e22e1d23e33,cama_mesa_banho,52,289,1,1950,34,9,33
39e96bf755a2107369e9e9654476d831,moveis_decoracao,57,470,1,2200,50,20,40
8d29be6478bbde713745b8f567edc734,esporte_lazer,33,556,1,600,23,11,20
d6783a6e939059f756562de164efc447,moveis_decoracao,43,442,2,300,20,11,16
a5d722d3c7a01c224625d0881e630503,informatica_acessorios,57,905,4,500,16,6,48
bd3a02d6af913ac8e4c07501e2a13dd5,cama_mesa_banho,55,702,1,2146,42,11,36
02f8dd9b448d3ec2c73e65a22da1121c,relogios_presentes,43,597,1,250,18,9,17
9d703ce870d13f6fca072b0fca977fc1,eletroportateis,51,909,2,350,27,5,12
05c693a8085dad009cebdcf2830ab738,telefonia,52,525,2,200,19,4,11
6f1ccca9f878a413a495487eb649ab32,moveis_decoracao,32,240,1,700,40,15,11
0f0c4960b05d6145bbb4b348423503ef,eletronicos,32,139,3,1700,32,5,26
e8d7b12572b213ba22acebb8983a4615,utilidades_domesticas,48,221,1,800,21,22,20
17469cd3d2559b93669a813860296b8e,brinquedos,60,1212,4,1200,28,13,21
e9eebb8e8ba0fadb9020f8ba1c003b48,perfumaria,36,210,1,541,21,15,16
2ae40c35ef6620f730a55329d0cd3301,esporte_lazer,37,968,9,700,30,36,20
c351fada6ffa67ee3876b1cc568a90b0,esporte_lazer,46,2393,2,300,20,5,20
ac1789e492dcd698c5c10b97a671243a,moveis_decoracao,41,432,2,300,35,35,15
c202b596f6f2dafcad69ea9d86fbaaff,beleza_saude,30,648,1,350,19,13,14
636f5be2cd52da4047bb73b7b15329e3,audio,31,315,6,300,16,9,11
001c5d71ac6ad696d22315953758fa04,cama_mesa_banho,50,381,1,1800,47,21,41
770c09cc394c3244d902afda4ea364bc,moveis_decoracao,47,709,2,1500,30,25,25
5cca824e6a0eebe738c8a6381d0d9349,informatica_acessorios,63,978,1,200,16,23,19
79cdc73931bb8e30077784ebbd2a16fc,papelaria,50,337,1,1900,20,50,38
16ba44d9231d19fc57e0a4188d0ce1cf,moveis_decoracao,50,488,1,303,25,2,17
79938780eb7ffb7289f59a9a283bc06b,beleza_saude,54,1739,1,1300,20,20,20
a694f2632fae82ef419fd71587103dc9,esporte_lazer,44,461,1,5100,60,30,30
6f790ed0f75949b7fa234ec087aed912,bebes,48,1171,1,23033,49,84,49
3b8b957801a5b4bca1a4f5d1f5d32aef,telefonia,30,350,3,100,20,4,15
679804d4938f8bf53025298b725f2eb6,market_place,63,677,1,500,16,16,16
7569eb05a9b91e5137cd9cf7494043e5,beleza_saude,34,1943,3,434,21,14,21
af9418dfcdd7f19b51906a2f32cd6bc0,cama_mesa_banho,59,289,1,2150,34,9,33
f3412532ea4da687eaa6943639812bc3,fraldas_higiene,49,1151,8,700,35,7,29
33fac76e7f17367dedaef7954bbb33b4,beleza_saude,63,1113,2,550,20,20,20
a0ef8572cd061badd81ffc48dc04d1fa,moveis_decoracao,55,130,1,2000,40,11,34
de7e97827841985dae27ef4c4769da95,automotivo,57,852,4,900,18,7,14
5c12fb778168a77e3ffc8d7dd7a689fd,perfumaria,63,815,4,400,16,10,11
085481a1b9ec9eaa346ae0a39bd3c340,moveis_decoracao,58,297,1,5070,56,38,48
8bff0b13faf092077c3bba691c07ff16,beleza_saude,33,396,4,879,31,15,24
ac6c24af9f913c9375a3ea77883bda6e,automotivo,28,325,6,300,35,3,26
6868e3f08c6acd37b48c785aedddfdb7,,,,,1000,29,5,27
025249b91a565601dc1b8f47ee7a230e,relogios_presentes,49,589,2,500,16,13,13
27051f70cfcbd63fec388f34e1f0d2a2,climatizacao,46,293,1,5524,42,37,28
8efcb24ccca088a16dab13882f1c45e0,cool_stuff,46,573,1,300,26,5,21
ceb9134650bd7cae74affc51800f309a,beleza_saude,46,648,3,1100,32,8,38
2f282449dadb2e59ff2afcde0bd9f393,,,,,1600,45,25,25
eaf3ca98b28c4329251a46380c8473c5,papelaria,59,202,3,300,24,7,14
9760ff15559ef0855c8aa01c00bd132b,informatica_acessorios,57,245,1,500,18,9,16
d4ad9721bda56413600c43c11006cb78,moveis_decoracao,63,1700,1,700,60,11,20
52801616f7cc110c31c559fa94cb8563,moveis_decoracao,46,210,2,417,21,21,22
7c2d0df8e5fbfa71d54a400b33a8502e,beleza_saude,59,1515,1,138,12,9,18
1d3f55c00acdb29bd959f2760abc8b7d,automotivo,56,614,1,5150,60,12,60
927c2a01437aaec44d9b67f277b55eab,moveis_escritorio,44,1208,1,11350,63,61,24
3dacb3ae011b40803a508b23392e15a0,papelaria,57,1682,1,7200,43,23,33
34d94359772f0bc123b585b23014e311,informatica_acessorios,20,1069,3,200,16,25,15
2c818013dbc95f5cd2d6a393a31813e0,moveis_decoracao,63,233,11,1500,42,14,32
1dfa1d1603b10b073093775015d0fc74,fashion_roupa_masculina,36,622,2,900,45,10,35
2a33c8929309d51853186bd18ff3e3f2,cama_mesa_banho,60,298,1,4300,34,12,43
a710be5818329b097a82bb26b480f5fa,esporte_lazer,53,826,6,367,19,14,17
4d3e81b2dfb45a73759982d63e532e94,cool_stuff,49,425,1,200,30,5,30
25287671dbfca39d8aecdd754c28b269,beleza_saude,58,1402,2,1600,16,10,14
9c7bdf67b06b419aefb93cfdfc96c55d,esporte_lazer,25,823,1,476,17,14,14
3952bdd2bc1fc8c324a78de21ae4d801,moveis_decoracao,47,660,1,900,21,20,18
17d17b9640ddee0ec3fa09c91b284ae9,utilidades_domesticas,50,476,1,500,24,8,15
77cad52aa444e612b99517bebbb4abb2,pet_shop,63,1451,2,1250,35,20,45
df4df3fa6ff7a9f642cdd117ed85626e,automotivo,49,410,1,400,16,2,11
56fd30e18420cb9a5a50c718168fa660,ferramentas_jardim,62,2167,3,700,16,17,16
71e54303c8b80673889bfc98bc5ecb0e,cama_mesa_banho,64,702,1,2700,42,16,36
4cf712858586ea03ca847ca8aa2c8228,moveis_decoracao,60,473,1,900,30,4,20
6c0163ecd7df58f4240f9a83ca6079c7,informatica_acessorios,59,765,3,300,16,10,11
ff5f8606556b625613f069a5a9a48966,bebes,63,554,1,2300,27,14,27
4fcb3d9a5f4871e8362dfedbdb02b064,automotivo,53,603,1,5950,65,11,65
48a12f318432c4b6a1fdfd5d79372e66,cama_mesa_banho,54,584,1,1200,33,8,23
5291f2fd6367110ed90adc7a8da2f261,papelaria,43,665,1,600,22,48,38
8338cef8355d238f43711dcb9c0657b2,moveis_decoracao,59,473,1,700,30,3,20
1aa5ffb5e73a8635a5d4619a96d012fe,cama_mesa_banho,57,125,2,2400,70,10,60
33ec1056063990a554e2e2cd85219de5,cama_mesa_banho,60,624,2,400,57,4,28
c7c27b5cbae5f0689560d8d154af7724,automotivo,39,1129,2,2050,90,13,18
4fb3bad6b502eaca3b6d7d87bc1613a4,casa_conforto_2,55,191,1,663,20,20,20
adcfd260203f2ab192f83edb46d0f83f,moveis_decoracao,18,164,2,500,22,19,13
c2c503e76e239d461b3e92222f6b49c5,brinquedos,41,1068,2,800,50,12,31
2b5ae8fa7040dc2ecc8483150f36a667,bebes,33,1066,6,600,35,7,40
6df665a20caa80a66804f836165bbf36,automotivo,48,1841,1,4300,31,11,31
6d811b6e8cada9a8f7f38bb315620e1b,esporte_lazer,59,447,5,8700,25,60,40
5c17779da282cc147ca50c6904cf3d01,perfumaria,41,278,1,200,16,4,11
4632bc49b300378ed4f1d48f424d414e,automotivo,33,513,2,795,30,15,26
e855d18497949fc298407b39639ee1cc,eletroportateis,39,775,3,2825,36,25,26
71a033537c0b1b79fc26e6d0bb3bb1a2,moveis_decoracao,56,227,7,950,31,11,26
74cfb67b11aa83ec20fbb297748c8352,moveis_decoracao,54,1528,2,700,68,7,13
dad033afaf01ca7098672af45bdd3400,brinquedos,60,1235,3,1200,28,13,21
896a64a7f34cdfef2c60ce59fa2a148f,perfumaria,50,899,3,800,38,13,22
e4acef9f829635351de593a05d2406da,esporte_lazer,45,40,1,562,20,13,17
45a15b38cc3c0514717a1de673c6193c,,,,,250,17,8,13
fcde1899043318107d8f0ae043f69bc3,,,,,400,35,7,12
93fd807bea9d7cf539c1f5e0ef7ab1b5,moveis_decoracao,60,258,2,1000,25,37,36
4a92216ec92c54fca6f132ae1988390d,brinquedos,36,355,3,900,30,35,40
46f739c1cd676603026c0af4d29ef7a5,automotivo,55,212,3,1850,20,15,20
67473aa97e981b3b8abaa6a8a768eb26,beleza_saude,60,450,1,400,38,12,25
c42500bc89ec2aab54ff83f7c31b8773,telefonia,54,259,1,200,20,20,20
2653c1a28e65f36161bcc73f0ca52727,bebes,53,829,4,5150,40,10,40
e251ebd2858be1aa7d9b2087a6992580,ferramentas_jardim,34,511,4,8875,40,14,43
c689470c5a069795896edc7b896d9251,cama_mesa_banho,63,837,1,1300,43,5,30
39731b928af43b0f49dd60d4706e403f,beleza_saude,50,431,4,20100,90,60,20
52b668edc0d0c20cd9319bfda4019597,moveis_decoracao,59,205,8,900,31,11,26
4bf205e4dc4e2c6b258e1ec0e2be9367,cool_stuff,54,710,3,797,17,16,14
2511e504fd7794c668a8521aabe3713d,cama_mesa_banho,60,298,1,2650,33,7,39
dc9f66a56b89e4278d921898a861a29a,,,,,200,22,3,22
77e9f75a40f2341f6a7f9f17cc0a8ffd,fashion_bolsas_e_acessorios,63,1144,8,400,22,14,22
7cd29da0653abeb444703cc5a957f479,beleza_saude,23,565,1,1029,20,15,17
1a2d84c11fbc7b3d7c0a10206c085ce5,telefonia_fixa,44,333,3,100,16,4,11
4555f012f9764d3e5cedbe66cd24513b,brinquedos,49,194,2,1100,30,30,30
e96867993d08fadbc6f828871885f897,perfumaria,40,280,1,408,20,14,17
404a57563d487aecbc2b1a01d9b89aab,cama_mesa_banho,62,313,1,3500,45,15,35
2aa489c905e1d41d8c716a6d6912d8c2,perfumaria,35,776,1,635,20,17,17
43a24e051b37c8e88accdfdeecddb71b,informatica_acessorios,33,253,1,1000,37,19,19
741a31499a578979be85db7f80139e62,moveis_decoracao,59,473,1,600,30,3,20
6fdfdddfa3c98723386e5fab78e87be3,fashion_bolsas_e_acessorios,60,487,14,700,20,10,20
f9bcf9d8e89d012d7dc24fe4de0abd80,informatica_acessorios,36,398,1,900,28,18,14
d9894482fba41f536a273ba2276d951f,market_place,62,310,2,600,20,14,20
f2af004352a06a99dca765596240cbc3,beleza_saude,61,1054,4,100,29,5,15
1c1baeabe25824c8c22b511643852906,beleza_saude,52,577,1,457,19,12,16
46255a421f244cd985f138a63d77d09c,,,,,15500,51,50,36
516ccdc0667fe7e260156d1998ef9546,moveis_escritorio,37,1069,1,7563,58,65,30
157c0b6a86cb5823d6d2dd1fa8c5d450,ferramentas_jardim,41,561,1,1450,24,21,16
6a4afe6c644493c0a79d2c54c8149938,moveis_decoracao,55,130,1,1900,40,10,35
1097d069f21f90425a11bb3293ca1d87,moveis_decoracao,63,682,8,1700,43,36,25
3fd19f24609ba67a95e7a88f1b0e8e7d,moveis_decoracao,23,910,2,1700,20,45,15
9bb2d066e4b33b624cbdfec7d50b3dcb,pet_shop,53,1494,2,900,26,19,23
194163a8a65a48a8c95623c399a9d4a7,,,,,1600,48,8,39
3e442d09f9dfef002aadf31960869f65,informatica_acessorios,33,1084,2,200,41,2,29
83b9177e8afdc2719c085b5a96aa441b,esporte_lazer,26,729,4,300,20,8,11
50aa8f292a9510d5542f2a078903a2a7,esporte_lazer,49,1141,2,400,19,11,37
e0352fc1b2c93712f1772fc4b0204db7,moveis_escritorio,59,1253,1,8075,52,51,17
9ead93350fbb3a5f0cc0b48c8c983748,esporte_lazer,24,678,1,14600,34,12,12
207bb2d8180c2c7654872f6fab96e40e,telefonia,30,305,1,100,19,3,11
cea0783f5748d01abec8fd268dccba49,beleza_saude,44,1487,1,1150,30,10,17
cee96128d25ffe3429e69452233838dd,cama_mesa_banho,48,417,1,266,28,5,16
1178e5819b87e4a8846d636e39df026b,automotivo,62,418,6,400,16,7,12
1a06cc924ba852bef5a19bb5aefa4d6c,cama_mesa_banho,60,332,1,4700,45,18,35
f25bbb88c1a219c21b1af6b99895b960,esporte_lazer,42,231,4,550,35,10,20
98cd3776d33bddd0ebf8ad8b4732d1b4,moveis_decoracao,34,252,1,1200,16,34,34
bfe05de8c1ac3259ae43ada77182d840,beleza_saude,60,1090,1,2400,30,20,20
cbfdbf24b32d9aceeeff3e9c77fd9d36,moveis_decoracao,52,1786,2,600,68,8,13
977e5f8adaa0cd1dac4f4b1969ec598b,climatizacao,37,1907,5,300,16,10,11
211c67e3e61d45efe54ed020191d042f,papelaria,58,238,1,1900,18,38,30
a18c130946b89ab774bc5948fe71e2a5,consoles_games,53,520,6,300,20,5,15
cce61e7ab409679afd6ba99a47349582,moveis_decoracao,54,351,1,600,35,10,35
8f03c5b78e41d6cecdfb6f6bbe4de8da,ferramentas_jardim,43,594,3,5683,45,30,30
19239f99ecca2c266c57cdce121a6727,cool_stuff,21,608,1,850,31,20,32
fa2fd2d3e78769a9f0b997cfa389a0d2,ferramentas_jardim,57,3533,4,2100,32,16,31
7cb009e2ae1cdf7d16e8fbf0255ba953,brinquedos,47,662,2,10800,55,18,19
8179f0f767e26a993ba41c67665a4b10,moveis_decoracao,55,321,1,1600,45,7,35
b7a2d0cb90ba252129d34d7c8d079d2b,perfumaria,39,211,1,442,23,15,17
aba86c093ccdbac75b09111d57e50004,moveis_escritorio,41,154,1,2600,40,45,39
c88b4c14d55eb0c9706f83e3e01cd091,cool_stuff,55,504,2,538,29,13,21
be958064244f19bf11ee270b2feca7a2,moveis_decoracao,60,1701,2,700,60,7,11
3d37da85f5e66558333fb5daee494736,beleza_saude,59,1828,1,1400,20,20,20
6c04a068e5ab37749c980c42a036b9e3,automotivo,52,1367,1,200,16,2,11
a5647c44af977b148e0a3a4751a09e2e,moveis_escritorio,48,1066,1,12160,56,51,28
8c5876b1c7768217964f353bc7e64393,telefonia,61,440,1,250,18,3,28
e973af845d652b7bc8928c1ce0bbb164,automotivo,54,2125,1,300,24,18,18
2635c3e7db0ac6cb3e733cac61ce0ba5,utilidades_domesticas,45,466,1,628,21,31,18
dbd024d4182504993ad1e3cd2ee9d9e9,automotivo,38,231,3,100,17,17,17
c6edce374ec89184d740f3e674add5f4,relogios_presentes,50,406,3,860,22,14,17
d9d3c966af100aeb7047ac8b59a70d4c,cama_mesa_banho,51,684,1,1800,30,10,38
0c3256090b6cc52703b152c874827cd7,consoles_games,57,762,4,200,21,7,16
147df4d924f569e480fbd77099707f08,cool_stuff,63,1066,6,14100,46,33,27
e338f548cda0b52650b9acfd317a74db,fashion_bolsas_e_acessorios,40,444,4,150,16,5,20
77d1f94d7eeaaeb36736fd1049e79eb3,utilidades_domesticas,52,1004,1,1600,26,25,24
c004bf0d41d08a3304ade12681600a96,informatica_acessorios,48,148,1,200,17,12,13
69530f4ebf4b017348e5f19323ab8a00,fashion_roupa_feminina,35,335,1,700,20,20,20
794bf14b91dcd92fd3cd35a45d6a83e4,fashion_roupa_masculina,47,316,2,400,16,5,16
f858dbf7475a6089fc882318b8aeaded,utilidades_domesticas,20,122,1,400,25,15,25
6bbe55cf8f85c87b6eebb775a53402f4,tablets_impressao_imagem,54,512,1,283,22,12,21
8ed094bfe076c568f6bb10feada3f75d,moveis_escritorio,43,1128,1,16133,63,59,25
1f15aad258a1559be6c62fe1a774daa7,pet_shop,43,259,3,700,20,20,20
4f8303640418a925cc83a18d2caf0dbe,esporte_lazer,58,402,4,500,24,16,16
9321b2e4e8fe357fe2e3bad624229bd5,perfumaria,41,718,1,517,18,12,19
4d397d263f26b146e2305cfecf8193ba,beleza_saude,57,2602,3,300,20,10,15
621b15d249d471192c1bd7ade2dd8b86,fashion_roupa_feminina,26,225,2,300,16,2,11
3cacd5299c846cb08ae1e445fd78392b,beleza_saude,35,469,2,350,21,14,17
762e9c384b4752bbcbea568e3d89856f,pet_shop,25,236,2,200,21,16,17
e3ffa5b25f4a372e7ccf597b6ceb6c90,bebes,57,2049,2,600,65,11,11
fa7be99321f2dbb1e518d2139ccb1d39,esporte_lazer,63,1908,5,500,27,15,20
3948f284081821f4e27ba8c23d4cbc9a,brinquedos,26,344,1,1825,33,19,45
1cf0c9095608952cb1c65c4789946375,eletronicos,52,293,2,275,28,9,22
b6cefe1d620b9208fe6fae76b2c72887,bebes,38,1636,1,200,16,5,16
3cc52e01a315aba7f650574a3a256b1a,moveis_decoracao,53,1391,3,3100,35,20,35
84c6e1fb0400fb720bfd40e3396e9044,moveis_decoracao,53,440,1,2900,40,7,30
81e32892fb8587aa24b175d42bb6bfcc,utilidades_domesticas,46,602,1,2075,47,26,21
990ecadcf56234a68b3a0af8d01c0d8a,perfumaria,36,681,1,100,20,15,15
92fc46ca7d96704d71f84ed65943a0c1,bebes,30,430,3,1500,16,29,42
d6c90261eb664ba97949a548e55d6c34,cama_mesa_banho,54,289,1,4100,40,12,38
8815734317fa2693bcce3db610158d92,cama_mesa_banho,51,477,1,1400,20,20,20
0eb5d1d033dcdd7b9b11658ce84ee8e9,pet_shop,54,350,1,350,16,4,11
bc9b777dcebf814cf56193dcef254448,beleza_saude,45,315,2,250,16,5,20
4d882bfbe6d83c0671d5b2776d46c248,moveis_sala,63,745,1,28100,97,9,75
811f973313e8219988a69cc140c447f0,cama_mesa_banho,50,465,1,13350,20,20,20
ecf23a6c1689e2bed38171ececac6138,utilidades_domesticas,56,1688,4,1700,16,17,17
e2a1d45a73dc7f5a7f9236b043431b89,fashion_calcados,56,459,2,9000,16,5,33
592dcb7933e5bf8d04d6b80a6c6312a2,moveis_decoracao,50,248,1,1400,40,8,30
5415fa4d6c000c97cddafcf0419b09f7,fashion_bolsas_e_acessorios,40,360,5,800,16,9,11
34f43f2313b41bbb5cd668a24d2f33e3,cama_mesa_banho,53,862,1,800,60,16,43
e891d4a9622cae3b9fc2ec558bda155b,,,,,400,50,5,11
664e6b2966fbf2ba213de566c311cd58,relogios_presentes,45,603,3,330,18,12,14
f7b6ca5735bfd052e73fa0b776070112,eletronicos,59,694,2,175,21,2,15
3a77cc438baf789ed16b12b553ce504a,pet_shop,46,377,1,600,25,40,25
11875b30b49585209e608f40e8082e65,esporte_lazer,26,1465,1,1032,17,15,16
66484d3ad6c8fcd55265bfdb060fc8cc,eletroportateis,37,3469,5,1500,22,29,13
cf78006a2a6b0429b9663edd99bb38f9,moveis_decoracao,49,399,1,1900,28,19,21
9abb00920aae319ef9eba674b7d2e6ff,bebes,35,2395,1,350,19,14,12
e1772099adc6b03202a50a2aae5efb0c,brinquedos,38,314,2,400,36,18,27
9da6fbcdb4cc9d08de3c70331ea19a5f,cama_mesa_banho,49,459,1,1700,48,8,39
ca8900ebdc7a2b907753dd3bf2672e19,fashion_bolsas_e_acessorios,49,381,5,200,16,5,11
0e453d51e0da8f98a7297b61328d9a8c,beleza_saude,24,852,1,200,17,13,13
51b0fbc0001335d988588a43455a7514,informatica_acessorios,27,636,2,200,16,6,14
83a26c42a5f94b7456425cd0cd20daf8,market_place,60,1371,2,1500,20,34,36
210f0fc19063f1cbddd677a13d6e489f,bebes,35,663,2,600,80,16,16
6ae7f4ef0ca670ca2609d039af87d057,perfumaria,34,515,1,200,20,15,15
0a6cf067b01351046739940c8cb7f60f,brinquedos,49,893,1,600,26,13,41
96537ba8cc2b7b2d74ef574b5e78d458,moveis_decoracao,63,632,2,2350,38,7,28
f4d18451e6c35980e6898e36dfd6fb55,cama_mesa_banho,53,392,1,900,45,15,35
00be617b58175bf207fd35910d5097a4,cama_mesa_banho,52,396,1,900,45,15,35
1f50c7757334d6acef5e3c5fa64eb3c7,moveis_decoracao,40,406,3,700,24,19,22
58c41dff5d439e3f6260765550748762,beleza_saude,55,843,1,1600,47,18,26
c29a770821480abc0e0150220a24e7cc,moveis_decoracao,57,266,1,1000,40,6,32
50908a7240199b240e6d857e740cafd8,beleza_saude,39,692,2,429,19,16,18
1dcff375b928a1807562ea4a895a8046,moveis_decoracao,50,754,3,1100,30,11,11
bfce5e847034e1fbbc1ed0bff6a372c7,moveis_decoracao,55,248,1,1800,40,8,30
a0fe1efb855f3e786f0650268cd77f44,agro_industria_e_comercio,35,380,1,125,20,4,13
ee92961b88199a0d4329a6beca8f63da,esporte_lazer,55,308,2,450,35,7,25
ca38c039b717207dec906f4fa9a21db7,beleza_saude,53,3734,5,538,23,12,34
c50663262403f916d58303c231e7ed3a,moveis_decoracao,56,227,7,1100,31,11,26
755d50f7034720815db9431dc2f1cb27,ferramentas_jardim,53,919,4,300,104,9,12
1f1354b0aa934e7ad75546467a6d028b,moveis_decoracao,47,372,1,400,37,15,27
b463e740932577be6bedc720f216e79c,cama_mesa_banho,47,183,1,1000,16,16,16
99e51ed7faea9cbf65fc7bb4ea396cd0,cool_stuff,31,557,1,2600,37,39,28
bbc9e653c2f5794542ac3867ab5ab757,cama_mesa_banho,47,221,1,570,30,4,26
ae1848ad278bbd5098dea4a749b333a1,esporte_lazer,38,183,2,200,20,20,20
fe7976532777922f0d60261e75f7ad36,telefonia,55,364,4,150,16,4,13
df297ceffd7a315a71586ace7d041ff2,fashion_bolsas_e_acessorios,36,401,4,100,16,9,11
5f8c74f4a3d2b616857fcb7d4dd1f61a,livros_interesse_geral,41,1009,1,1500,25,6,19
810cb3c5af006624fa32d362077af85f,esporte_lazer,24,1071,1,1252,20,16,15
7afa8c8eca2a26b599823eed4975a820,utilidades_domesticas,60,400,7,2600,37,24,37
f2a4a74038882bf1adc8a466962559ec,moveis_decoracao,39,238,4,600,25,10,25
03bb06cda40712fb8473f7962fb7d198,cama_mesa_banho,54,289,1,2000,34,9,33
09ff539a621711667c43eba6a3bd8466,bebes,60,865,3,,,,
77794668e2278bf0045019b0d8a308b2,moveis_decoracao,60,208,1,900,40,10,34
68bec1af3851f58027db8beadf3914d7,informatica_acessorios,41,231,2,350,16,16,16
fec565c4e3ad965c73fb1a21bb809257,cama_mesa_banho,60,271,1,1400,34,7,32
4d7ccacbf7d2dd3e566cf5f149fb92e8,informatica_acessorios,25,364,1,817,26,13,21
bab7ff9abbcc13690a62d015f2ca8e44,informatica_acessorios,43,269,1,250,30,7,20
43f88c8353708451babf9bcdd1fda92a,fashion_bolsas_e_acessorios,46,419,4,200,16,5,11
e9e0f397f1ed036b4318417a84b0e407,fashion_bolsas_e_acessorios,63,529,5,100,16,9,11
47259ce36f2aa500b4e7528100998ed4,telefonia,40,688,1,100,24,2,18
bdfe450775bde583b7abb5698f1bd6e2,beleza_saude,59,971,2,1600,40,20,30
0f3c8906e5b08127d539956bc587074c,esporte_lazer,27,293,4,3325,71,14,71
ac6c3623068f30de03045865e4e10089,ferramentas_jardim,59,409,1,3750,35,40,30
027cdd14a677a5834bc67a9789db5021,perfumaria,42,544,1,341,20,18,16
cc2232dbef2c9fca23f4c7f6a19a42e3,eletroportateis,63,587,3,300,21,11,17
2c41d13dc2cf0e9c2e8db8952f0f3ff3,informatica_acessorios,45,802,1,1100,31,12,11
ca1bcde1715f1d903681187ef59e459c,moveis_decoracao,41,432,2,200,35,35,15
546acf50e60127aacaed5190d95bf52b,beleza_saude,52,3331,1,2400,45,30,30
68f3adaef1620e7b0c4c7cd9f78d7ed0,instrumentos_musicais,50,1163,2,1203,30,10,16
9348cf658c9f20576186a9f3b82c58c3,beleza_saude,46,407,3,1175,53,18,18
c86f95986c7050bf988aed62520093e7,beleza_saude,57,1550,1,3700,22,22,22
cfc8376b91d04c43d4431abcf28d51bc,esporte_lazer,37,262,3,300,22,6,12
d984b9203bd56960bbdda0bb7f05f781,fashion_bolsas_e_acessorios,31,162,6,150,16,16,11
ab328a14d2698a726fe1ed2695f5f43c,beleza_saude,54,268,1,983,23,16,15
63cbf4066cf395d6634831160ddacbbd,moveis_decoracao,53,356,1,1200,20,16,20
163365b4428bf91ee261186233e5f796,cool_stuff,46,455,3,3350,24,30,21
7bbc646134de228a74392d8407d16df8,utilidades_domesticas,60,959,4,800,29,19,21
f196248e8b5d060cca414a664ea9a76f,automotivo,58,1167,1,1900,90,14,18
b07c988c725ddd67d0c7572a8099712d,moveis_decoracao,59,586,1,600,24,2,24
66a4ac0f9c73e92afc9cb7566977ef83,utilidades_domesticas,58,547,5,1000,18,12,82
9f05bf9bbb9b5629e674ce58804cd164,moveis_escritorio,34,1058,1,3125,45,55,16
f3c2d01a84c947b078e32bbef0718962,telefonia,42,381,1,700,25,2,25
05d80513da078badb81a5f232e489376,cama_mesa_banho,55,867,1,1100,20,16,20
1ea0352ad33ece4164c6f98f2c25bc6f,climatizacao,57,735,2,800,40,5,20
a14aea6067b93158e956612c50b74cfa,,,,,12900,50,30,30
d4d538563de6b49c547e6997f0f8be32,moveis_decoracao,54,2040,2,500,68,8,13
fb949f35bd1873f846cb7246d9db81b0,moveis_decoracao,57,258,4,600,18,14,15
db9c09ef2fa2590a7ca12480603396aa,bebes,42,1183,1,200,16,2,11
bdbfa0a4ac2ed4bc431e7ba6c4971450,eletronicos,44,582,3,1500,75,3,11
4520766ec412348b8d4caa5e8a18c464,automotivo,59,956,1,50,16,16,17
77cc62dc80ebe12a0452d1ce0565acdc,esporte_lazer,45,2950,1,1625,29,21,21
0c5801458e74f9b6c23b44c331426e30,cool_stuff,56,1383,6,1850,18,23,26
902f869d68a62356e8f9d054ad5e9072,cama_mesa_banho,60,664,1,3400,34,8,38
add32d15ff7c76396b982686227d9553,relogios_presentes,44,654,2,500,23,15,19
67024c9e5ec20f39379750aed90423fe,moveis_decoracao,38,1168,1,150,19,7,16
bcb4f6803e8889a70dc5ed14c2f5f785,informatica_acessorios,41,685,2,200,16,12,11
1db2dfac4f8c0a4499f94838b3ee0628,moveis_decoracao,63,390,1,900,45,15,35
d914a2a0c672fc21c9f0087e07e9e881,perfumaria,39,302,1,12600,50,50,30
368343a35b2e888dae4f3f831d22437a,relogios_presentes,42,748,2,300,16,13,13
6a061bfb29801343fcf5bf10207409ad,brinquedos,38,1500,4,400,23,8,50
2647bd04a8ac8605c0034dc49d21445d,moveis_decoracao,58,2132,2,3000,69,11,11
d0fe4295267f15ccaceac4fb233d8c9a,informatica_acessorios,52,398,1,350,20,2,26
9766ad53f42ee034fbc0e29c85fe626c,cama_mesa_banho,51,385,2,2500,47,21,41
04dc26a02c448f6f2b914f01c2902ebd,consoles_games,50,361,1,483,24,17,23
f408131193fe9da16836115414229012,fashion_underwear_e_moda_praia,51,1343,5,300,25,16,11
8d7372d1b5ad8302fee4eed7f8bb4d84,instrumentos_musicais,53,340,1,900,19,19,14
c1066831f90626b7fd73ed871a49f158,beleza_saude,35,506,2,320,30,6,12
078482c5821678267aeb55b8edcdcb29,market_place,36,1339,1,250,19,14,16
1f2b62e693c588aef7be1f457137b15e,moveis_decoracao,58,2276,2,3000,69,11,11
5a6b04657a4c5ee34285d1e4619a96b4,beleza_saude,34,1036,1,1000,16,16,16
ba1446377b3e8fb2c3ec8c7b59a0d9ba,moveis_decoracao,53,982,3,400,28,9,18
7721582bb750762d81850267d19881c1,cama_mesa_banho,63,837,1,1400,43,5,30
7e97894cc00196a56d6ec315c68b2353,esporte_lazer,20,420,4,3300,78,20,38
2929be0cb603321a26091c3f376d52df,moveis_decoracao,35,272,2,450,16,26,14
cae79e3b5c787c231543fa415a20b5cc,ferramentas_jardim,36,2213,1,350,45,45,12
1c2862e8f831c73dd953c24b3fd5b9e2,moveis_decoracao,60,120,1,600,18,30,15
ce5a5a85a0704113bd7fd75b3fbaed71,cama_mesa_banho,30,115,1,733,19,12,18
9fe172fa8e662ca8572cf12abf8bce23,fashion_bolsas_e_acessorios,36,412,5,150,16,5,20
0c61745b90fbcbd2a7ac7d3cccde8776,beleza_saude,50,140,1,600,20,6,20
3c025396e63ff6925a3b68781e8b3456,instrumentos_musicais,50,364,3,100,16,9,11
f2b264b1a4602b87d64eebefc899c1d0,ferramentas_jardim,42,790,2,1000,30,15,30
70358ca9f95694a2b9e41eed6edbd7b3,informatica_acessorios,22,716,2,150,36,2,28
837f3d09b625825bd84bfccb1f51d8be,,,,,300,20,6,26
95dacbf52db1d378303344b43f821cb6,moveis_decoracao,54,586,1,1700,33,8,23
7f04dc0b85182744b422109acd2d40f5,moveis_escritorio,31,1209,1,9225,53,53,18
cb07b3df7c64648bbeceb85cacd464c9,ferramentas_jardim,63,955,1,1900,20,20,20
2794308672e65bc5a970a627ddb9b0f1,utilidades_domesticas,39,116,1,500,105,19,13
6252b27a90918a7503170102a8b630a9,eletronicos,55,414,3,300,19,6,13
65e3848513c9ab70bf542e5d694cf072,beleza_saude,46,1001,1,575,25,13,14
f05901e010ebaa3924276751a35e6004,moveis_decoracao,63,686,1,500,45,15,35
b4763c2caeeac2424b64aa199789b81b,informatica_acessorios,51,812,1,1100,31,12,11
837b5c6df9ceb8a9c604e78fde0e60a2,informatica_acessorios,32,1074,2,250,39,2,30
5538ed283fd2d0e2a1151507e1cbd59c,esporte_lazer,53,1326,1,400,25,8,18
ddebc97ddf43a9787d1ee7012e394ccc,cool_stuff,63,3976,3,2300,22,29,16
1aec9dac073154a4d6350ad0e773a191,market_place,40,770,4,200,22,6,14
707e0fe138efb7009e1cd32efe19ce83,automotivo,49,182,2,2050,41,31,31
67f95d5d22a25ae3c8c0651319c7d355,utilidades_domesticas,55,4,2,681,39,7,28
d5b703c271f43f9c588a6f512a00f77e,brinquedos,27,531,4,150,16,7,20
9117307cf75efa6e964d697f0d1297f9,fashion_bolsas_e_acessorios,32,391,5,200,16,9,11
8477d691ae21afadfa805681bef3a620,fashion_bolsas_e_acessorios,29,354,1,200,16,8,11
4da0329350218978429b287440f4b87a,moveis_decoracao,63,683,1,400,21,5,15
15b142fc0f773fb67de91301d1701894,moveis_decoracao,63,418,1,900,24,5,20
bd7cd34fc6d02e730221b11edc354aae,brinquedos,36,651,2,704,25,22,23
3c37a8a5d5ef2eca9d5e6ccf39673031,bebes,28,260,3,1836,33,28,20
2d4086091519b04cd687a38e33dc276c,informatica_acessorios,59,1080,1,200,20,10,15
66921e471530ee0d23a53ad72f49887f,pet_shop,50,770,6,13700,35,40,60
cef211702e18d39ca1a4b6d2d6580c0d,eletroportateis,38,566,1,1200,35,35,35
8e14e42d480e0c520d2f8ee0e7d3249d,cama_mesa_banho,55,499,1,700,16,40,30
561e48cdfacd14e7cfe67aa4ebd0caea,pet_shop,63,1538,2,650,21,18,20
473795a355d29305c3ea6b156833adf5,perfumaria,36,605,2,100,20,20,20
8634ba98d69440265e955814c3e4cde1,cool_stuff,63,2267,8,400,17,9,12
37274552ed878a9f6279f30be24b1473,moveis_decoracao,58,531,2,700,19,19,19
cd74b22e441a1149c4b94faee78becbb,relogios_presentes,42,255,3,500,18,13,16
9e61de7e3ef7e99896060d76e48df65d,,,,,10700,40,40,40
a35a9f46dcee0a67c8c7ad8493eb4135,informatica_acessorios,33,1084,2,200,41,2,29
bb0697bdc552a255c992d331ca09afe3,telefonia_fixa,63,867,2,500,20,10,20
66bea887d912474498434fcb72df5a8b,cama_mesa_banho,45,484,3,1000,20,10,15
ced7fbfaaf7d98ad9bd9b32a5eb5fe58,moveis_escritorio,58,1295,1,10700,52,51,17
0233dd6f06e23c705ab76dc3ab165837,cool_stuff,45,1057,3,100,20,16,16
64d0feb1bcf9c7fe7b5dad3271c10910,moveis_decoracao,58,696,7,750,25,15,35
36c2d6cd6fd0a6720f3ebe3379a2032d,moveis_decoracao,63,1927,1,3500,45,10,30
8a90417eb713be09fd87a5d077ae06a2,esporte_lazer,59,3949,10,500,20,10,15
b7b7c5293e270682d3f343c31355c52a,moveis_decoracao,53,586,1,2000,35,9,25
0d1d766e7cdd4a724e9ea9a18e5177bb,telefonia,49,1948,2,700,23,6,15
e07fbd0969dcddca941b8c4adec498b1,cool_stuff,63,2263,1,200,16,3,13
8a8ffceebd3e62e6b982760275d38128,beleza_saude,36,1182,1,1150,24,20,16
748b2d1153c4265584b74e4574455dcf,moveis_decoracao,57,2132,2,300,69,11,11
b34b2c889f5b26963569cf421254e121,moveis_decoracao,54,391,1,4000,60,18,48
7a18f72d8f0acfbd60eea36f2644ce8e,alimentos,63,670,6,200,17,9,16
b6f9abef16fdfec89e4f3675f6627dca,moveis_decoracao,47,372,1,400,37,15,27
bc33268e0ab8b9c13207af78f8a62b75,bebes,40,1890,1,200,16,2,11
dfb97c88e066dc22165f31648efe1312,automotivo,53,597,1,5417,47,44,44
c3b8f6be3507bb05fd83797f81f679bc,telefonia,32,331,1,175,18,3,12
6435be64ad92f52631170f9a92718a99,moveis_decoracao,35,1047,7,1200,50,8,14
2b50a33b93e3b489f648b9166a62e13d,moveis_decoracao,63,199,6,1100,31,11,26
a25d948ddec359c8d80978d139a4db83,brinquedos,43,1784,2,900,38,24,38
540a6b4600d6620f58aaff20eba82574,fashion_underwear_e_moda_praia,33,1107,2,300,22,10,15
2fcd5f747ee88ffce15493b3cf70d8d2,fashion_underwear_e_moda_praia,63,3140,11,600,16,5,11
57a0cb306bbd11620b9bbb927748b043,fashion_bolsas_e_acessorios,35,833,1,450,19,27,27
6d6b0f6705c1acf1128ecf19d57d5444,cool_stuff,63,253,7,50,16,5,11
fe1ba35c47a4b599f34ce8ad2aa2c42b,dvds_blu_ray,45,605,1,200,20,2,14
bfd4d65a528678737bcb523e5a3c5f58,ferramentas_jardim,44,586,4,2500,22,14,22
8d98dedc3c19de17f1a090195e85d6b6,brinquedos,40,617,4,300,16,7,20
608b018a4443a457a5cd1e58de213cb2,moveis_decoracao,35,688,1,300,22,4,11
f32941d7c00c56b8d7a3723c8ebb4be5,esporte_lazer,33,1277,1,22700,32,40,54
162e010af9fe224d35fd8496a273fb02,moveis_decoracao,60,2901,3,1800,105,8,35
afad7a4420a4348d41da23ed8d0902dd,moveis_decoracao,37,768,2,7000,43,35,50
7f7b2d6dd176f1687e88f04590fe149e,moveis_decoracao,60,461,2,433,47,4,35
fb01a5fc09b9b9563c2ee41a22f07d54,consoles_games,33,912,2,1500,33,25,11
f727305c90ca9b9c36d4e84a817bc01d,fashion_bolsas_e_acessorios,46,622,6,200,16,9,11
b846c1b90a30689a98f530aa20edd424,esporte_lazer,28,1567,4,13300,64,35,35
0fa8853b873ba06e7d27385fbb1411ca,moveis_escritorio,52,1501,4,16250,57,55,22
4e0946aebc8e1d7521219ec1e7380aed,brinquedos,48,485,1,5470,48,27,42
4eb3e07a4b54437a7f63eeb577ebf73a,pet_shop,63,1515,2,850,19,15,18
bf00630db939d773babccfe2449e9075,moveis_decoracao,47,186,2,2500,38,16,33
30469bb5ea377eae7121981e2f0778e4,esporte_lazer,57,574,4,5950,20,30,80
591afedd45ae097827bf674a8491ea21,eletronicos,32,268,1,7900,60,10,60
ef23a80c3e7f9c63e9956f6f54b1cf15,perfumaria,40,3863,1,150,16,8,20
cac8035fdb858496d8e1b60ba8907d24,consoles_games,63,1099,2,4700,40,30,30
6f6f3b1a96452e2fbad0cd4f7082765b,,,,,2600,35,33,16
eff955ba97941dc6837a770367d66944,moveis_decoracao,41,717,4,1100,32,11,27
1d092cf4f9b3ea4bed6ec6566b38ad45,papelaria,49,129,1,300,25,16,16
8a1e1c6e48f0d275628e3c626d57257f,beleza_saude,34,480,2,400,30,6,12
0f3288619c16188d156acc3ba91f36ab,esporte_lazer,55,266,5,300,20,15,15
05fca08b4d54ab5d1d371db7d5534136,informatica_acessorios,47,1009,4,300,20,6,13
410d5b211dce5611e7a6412bf0cc30fa,telefonia,42,379,1,100,19,3,11
7d04c7dea507d3f66a22b0997525b0ad,moveis_decoracao,30,615,1,23700,66,42,66
5a4ec7366f4a5fddd269c4d9a047c6c3,informatica_acessorios,43,205,1,200,16,2,11
2ef9d434efcd0544c16be36a03c7652a,perfumaria,39,525,2,418,19,14,16
d48e56be99464cbf285a9da17f618165,moveis_decoracao,54,584,1,1200,33,8,23
46d66b9ad911a2cea5e3c9127aa7fac5,climatizacao,50,295,2,3342,39,26,21
1b06c90f0a31f14d0f505323b5723a80,ferramentas_jardim,58,747,4,650,19,17,19
583f23b0484747654c01a98021608a89,papelaria,58,267,1,1300,24,47,39
2016dc27f7cc30f18815b34170e0ce98,beleza_saude,46,1343,3,3267,31,25,23
8aa6223e400af9c97b07c75993142721,bebes,54,830,4,5000,40,10,40
a9418952bd0aee716d44d25d706561b0,moveis_decoracao,48,480,2,2300,95,5,65
bdcec8e22b04a8f4241d87bcfe9ea877,moveis_decoracao,64,946,3,500,40,12,25
c4aa0ceec0529a29290c24f2bb490b3d,telefonia,49,2200,1,100,19,4,11
b6075e028451d1426b276da0441684d3,beleza_saude,38,249,2,1300,20,7,20
f58bb9f12b0ca10029de2df4585a353f,brinquedos,18,232,2,1400,25,36,25
fba0d8ee4c9aa479a86833c83892e589,bebes,57,2057,1,550,68,8,13
f4f67ccaece962d013a4e1d7dc3a61f7,automotivo,52,603,1,7625,61,14,61
dcecb611ba878d5d8c7853585b285c12,informatica_acessorios,52,589,1,100,16,19,16
9ce6c37f9df63de67692c3f7d4d209f1,moveis_decoracao,53,194,11,1100,31,11,26
b74d57e3377dd78aace6d070fc48cc88,cama_mesa_banho,55,556,1,675,40,18,35
faa268ecc8a8434cb4ebee091b3222d6,eletronicos,48,2276,4,1800,55,20,45
6c0d548acd149f30331671548dda66e8,esporte_lazer,63,406,2,1400,80,8,15
edd268662f0b2a4f131cf4690ca6cbc8,papelaria,57,737,1,1279,32,35,36
e8316a4667e5870c85e906b1f062bde1,moveis_escritorio,58,1135,1,9200,53,52,17
9b169f20f1b0ad0cd0d53d6d5f12e20f,moveis_decoracao,63,338,2,250,16,5,11
571e2f5577f9e5ac24fc2a1daee8924d,moveis_decoracao,63,910,2,15600,26,18,86
f75eb66dc82bccecabd706bd441cfd3a,malas_acessorios,49,767,1,800,20,51,34
4dcb49b9ca7e48d2f108d40caa77caa2,pet_shop,63,1541,2,850,24,20,24
d9279101bd9bcdf95aa06a8081b24367,bebes,61,915,2,12600,25,47,64
368ab9ae54053acc2a79f2e9f5fb4cbf,cama_mesa_banho,54,385,1,1800,45,15,35
2b6aba96aca0f3f5f28779c8a4395f42,esporte_lazer,32,503,1,2700,85,16,26
06ead9c0b05b368667d858c09148af03,consoles_games,41,235,1,467,23,11,18
ed9d81a5043f74cbe0e3db315770af45,consoles_games,50,2020,2,1300,30,13,20
c4b925e40f11289063a854c47aaef129,eletronicos,39,286,3,100,20,20,20
9818832859d572545cee5a86ff7f4a3b,beleza_saude,50,2436,1,400,20,16,16
14dffa241a078aeaebaef48a49e807ca,bebes,43,746,4,250,16,7,11
a671b5c0b737258c5a3262826e3dd9c5,pet_shop,63,1451,3,925,40,20,40
e3d17cced20767fb24db3fb6a6a67b2d,moveis_decoracao,54,468,5,800,22,9,16
e2613182a3d5b61459d52f24823134fb,,,,,1900,20,6,11
0e92dcf7b03df1de4e9349af065f8e63,moveis_decoracao,47,372,1,400,37,15,27
285c450e91b164b1586e1441413fbba5,automotivo,27,59,3,200,16,12,16
f293394c72c9b5fafd7023301fc21fc2,moveis_decoracao,41,754,3,1800,32,6,28
964011954f788aa4bd0dcf7b04056d81,telefonia,33,303,1,50,19,3,11
1f305b83cff66e6473d13aa6c64e5a20,esporte_lazer,48,554,1,2400,90,16,26
5cd07c84a1c25575ac2fc3fa73f1d952,brinquedos,63,2873,8,1200,39,22,14
bc68b4f9aacf4761a51fe96ac9cb6d62,telefonia,20,296,3,200,19,3,11
5ab02ca028398131a5ae91401eb49788,esporte_lazer,33,1322,2,700,26,16,21
cd59f488cef311feb633141ad1e8563d,alimentos,40,911,1,450,16,14,14
927a7ee2d74e3a1123047f40b42fcc09,brinquedos,50,161,1,1350,27,25,27
8adc1d29aa4fd4d758a91ef997c8a0a2,brinquedos,46,303,1,1450,28,25,29
382d28bfa85a9857cd10bfdb1b8b7f80,moveis_decoracao,26,190,1,3300,23,16,23
cbb702235ad267cca951499fa8475606,beleza_saude,52,2238,6,433,29,8,25
97868e08c02c9f4f6b49ebe5a4d4dfec,relogios_presentes,52,333,1,349,19,14,14
88d524b8b5576da63abf7b16bef48a39,informatica_acessorios,29,692,1,300,16,2,11
c5e9693041e519fd6e2ebde0d76cc1ad,eletroportateis,39,535,2,14800,60,40,40
81fad99d75a97d6ea46263987cc218a9,moveis_decoracao,54,553,1,900,35,9,25
b3e99300a2d0481e7b1d7ce484d498cf,fashion_bolsas_e_acessorios,47,395,4,300,16,9,11
6df23f718baba6b30c0f3a6a516ae0bf,automotivo,39,381,1,700,21,9,12
d116d7f4aa44ed3793cce65c2aca77ba,fashion_bolsas_e_acessorios,58,348,5,100,16,9,11
895fc53d66ecb6c1afc40138dbc2a73c,cama_mesa_banho,48,330,3,600,41,14,14
249da6972f14b13495be6a75239e9a91,cama_mesa_banho,56,186,1,750,30,5,26
407e01944d78001dbd21da4c2059b8dc,telefonia,51,1570,1,300,16,4,11
2b5bed5ddd304876b5d0c3eca2b6cbce,moveis_decoracao,53,553,1,1400,35,9,25
7858ef2bdbf08f635dedbe5cd1dc966e,esporte_lazer,58,568,4,1500,35,20,15
8e0aa05a387182c8ef3cd13b6131e60f,moveis_decoracao,56,231,1,1800,44,14,33
208e1df130afb08c59c387b356bc149a,moveis_escritorio,58,1317,1,7000,52,52,17
3b43f7794dc5da533ffd74ebfeccf539,esporte_lazer,42,696,1,467,22,26,22
76265fc5cc76fc5f09534fb307605c10,ferramentas_jardim,58,1698,4,1000,36,24,24
f59ff3f667dc8dc2b42117736585c1ba,automotivo,44,424,5,100,16,9,11
242e1933d9cb1c789d3c6a3f2d083ba0,brinquedos,51,606,1,8975,60,48,17
f5d8f4fbc70ca2a0038b9a0010ed5cb0,fashion_bolsas_e_acessorios,64,1710,1,200,16,2,11
448f0791c4d2fc5d250a401edfc208d4,perfumaria,53,732,1,438,19,10,16
0cc13a424dc207f8c4d3b26ea1cd384c,moveis_decoracao,43,862,1,5300,27,47,27
a8bf9a06bef0fe4106c1fc0df21a5eb6,moveis_decoracao,59,438,1,1100,30,4,20
5bfc7506459ae2a7b4b573fe557a58e1,cama_mesa_banho,57,535,1,800,45,15,35
e4fe462cce9f36e312b869418a86bc3a,automotivo,41,126,1,9650,60,60,16
80fb011fd54fa5e1911a2f80c0fc878d,brinquedos,45,1347,1,400,20,20,20
8681c71d24e694aaa4c582760736dd00,fashion_bolsas_e_acessorios,53,568,6,700,16,9,11
be5353e2c543ba4f67831f95d3775420,beleza_saude,58,1121,3,150,43,11,18
2d78dc9b1f4a5d1ceb28287b82d85b86,moveis_decoracao,56,296,3,1150,100,7,12
746191562977a60292922c316e21720b,automotivo,46,851,2,700,21,13,20
297b1803f900002706c8de3e0a77d217,esporte_lazer,50,1354,1,6600,30,30,30
21fd3b391a97c2fedab9d0efdd183a93,utilidades_domesticas,57,983,2,2650,53,15,13
e7ffaa35a5caaca3366f5cc5705b5fb2,beleza_saude,40,428,2,1000,18,9,27
afab5f7ab5c82f92ddcdc46c4cd85fbc,fashion_bolsas_e_acessorios,36,95,6,150,16,9,11
4ac50dbde931c0a5ed8c33d3dc047351,beleza_saude,33,1087,1,600,28,11,26
cb17b798ba889575385281b7ec2fc22b,automotivo,49,1208,4,1300,20,20,20
7d222dee34c6ec0f7562241d7e16d7c2,utilidades_domesticas,51,1353,3,600,28,4,36
24d95adbf4d5909e2353d0256eb3ab4f,utilidades_domesticas,56,536,1,800,30,15,25
b14becd90b0c2fe7819c324c6a41168d,automotivo,31,1165,3,350,20,16,16
31c50827b6b5d0f51d61c8b2aa98f6e6,cool_stuff,33,805,2,1500,40,40,30
1c5bd6a742367ec4d654a0859523e880,bebes,45,821,4,4550,40,10,40
91a5ae441d12befb1c62c19c4ffc940e,ferramentas_jardim,56,472,2,6950,56,14,56
d75fe2da6eb275eafad5535fff7a2005,moveis_cozinha_area_de_servico_jantar_e_jardim,41,1450,2,2000,24,11,31
f0af7ec9760e53f21277444f32ee3308,moveis_decoracao,59,205,1,1300,40,10,34
ddbcffa21df7d85a96fc395a6d9ca334,esporte_lazer,43,1402,1,200,16,9,16
36e5949d5ebec0e432fa58f5f3e65a54,utilidades_domesticas,49,998,1,600,25,15,20
13ad6994bda56edfa0a269e3d9a9acb3,automotivo,57,716,5,600,17,15,13
4135a8c6b588263879a627ed27a2a3c3,papelaria,55,381,1,500,22,48,38
ec65faa314338306f45b04be616eed53,livros_interesse_geral,41,618,1,1525,19,14,19
d6f3bd7b1fc04fb1a2effb51ae44ab17,consoles_games,47,348,4,400,19,7,17
8814a3da37fb9673a5ac06f82a2a00a9,moveis_decoracao,59,205,8,900,31,11,26
79896466715d0179d8e5c8a84e5f0a18,cool_stuff,42,3319,6,1400,22,29,13
eef3286d1162cb7eb46becab2a5aa884,brinquedos,57,404,1,200,28,13,22
508d48ea59be64138f0015d2cb9c75e7,beleza_saude,29,1212,1,5400,18,10,15
d465fef4e52e46bc9e04996b37789bbd,ferramentas_jardim,57,723,5,880,22,21,19
ca152649b43c4c6081853d9421c59869,informatica_acessorios,35,1101,2,250,42,2,30
b11456f416365fcb044ae90260691ccd,brinquedos,63,683,6,300,17,9,16
f22c326211220c21017efac98a117b2c,fashion_underwear_e_moda_praia,60,1511,6,500,30,16,11
fd7fd78fd3cbc1b0a6370a7909c0a629,esporte_lazer,39,518,1,400,16,16,16
48c4971ba55bfffcbf4f2805048b5944,telefonia,34,309,1,100,19,3,11
9b125b82780e1bbb7716c906ff46f89b,pet_shop,63,785,1,800,38,4,19
7d21a88f26eb0766b0b555f71a16750f,consoles_games,40,304,3,300,18,6,15
a2a90c1a0501c5148928da33b033dee8,esporte_lazer,54,381,1,500,36,10,28
94fb2ab4419d523ecce8e5d56676788d,consoles_games,43,1236,1,400,17,7,16
583916a5dae918f5e89baec139141c54,,,,,3100,28,28,50
b1e7e283a4b6203aa8adbafe09c2a521,esporte_lazer,35,1238,3,18100,55,40,48
ee6cf0274e75706751ecd4cd5e353db6,cool_stuff,53,1086,4,24400,71,68,24
0fc6914383c2bea767a9562c9d8b43a1,informatica_acessorios,52,644,4,338,32,6,36
edaa2bd93560f6d79e10b21fa2858004,moveis_decoracao,57,192,11,2350,36,21,36
baeb8e1a680cf9e1f13557d74b6cec3d,ferramentas_jardim,20,2751,3,2400,31,28,15
e390a486e30fd924501447fb663de0b7,cama_mesa_banho,57,647,1,1000,29,8,34
d4fe034cde911805af12724d73fde7e0,cama_mesa_banho,53,867,1,1100,20,16,20
591c08a1d9290193bd96d8c9e6e607ac,moveis_sala,33,611,2,9750,27,15,92
aafec8ef0f0e7bf2f2b811450df61818,fashion_bolsas_e_acessorios,52,437,6,200,16,9,11
9b2db9ec16a8a51549f32462bf973523,brinquedos,56,809,1,3110,33,24,43
a5f6ba3fe91a2e73f10b612131cb2404,eletronicos,45,1057,3,138,19,17,16
9123002e53f822415107f07e5dcf199f,cool_stuff,53,177,3,625,30,19,22
7f524cd9e1d47c5aa4b15b54d6d146cb,moveis_decoracao,31,297,1,1000,16,11,11
72bf8fd8b4596a7fa2c2cfab031204ed,moveis_decoracao,33,650,2,200,19,10,16
2c715979f8471e42e0daeeb855f04f9c,moveis_decoracao,60,1963,4,1550,69,11,11
46cc07237660346018f8838ae0b7ed2b,bebes,39,609,1,550,40,19,16
5008f57a319af1670091cd1d64656910,cool_stuff,64,246,3,3600,20,30,20
095cb863f2b04911455ad33f5177062e,livros_interesse_geral,48,1140,1,1000,16,24,16
8a330ba3cd34d650c45bce0fc21771ac,cool_stuff,44,1611,2,2400,32,25,39
7dba49d05059dfa721e63caf83965829,moveis_decoracao,56,288,1,17100,56,38,48
b0075cdedc8e455d734e6b1875336ca1,pet_shop,28,641,4,150,16,9,11
5bfcd193eb29c1c8332e2d4ca804d54f,consoles_games,52,1236,1,340,17,7,16
c4cca1d23088d10099f52159878b6686,fashion_roupa_feminina,43,1621,2,600,16,2,11
2c92025a63896497612a531b6d015669,beleza_saude,57,2455,4,200,16,12,12
877037e9f558d11ce22f3224771fd12f,brinquedos,57,1235,3,1200,28,13,21
1d8b0573a8ebb81f72288beba6bf4327,beleza_saude,39,752,3,250,21,26,21
1a300f482e35d7eac74b229be067aefd,informatica_acessorios,54,333,4,125,18,7,15
afb20d6bc6e0556ba8e9e724e6ea03bb,beleza_saude,44,1081,4,2000,52,17,35
1750753e77dc38c4afe6fc90f02c39bc,brinquedos,48,633,4,600,22,12,12
222efa72a47277d611b8b38d71149afd,utilidades_domesticas,56,148,1,300,16,12,20
0d3847e4cbb1d79d2e28b2156f1e11f2,moveis_decoracao,29,631,1,23375,66,43,66
1949890685a12526806e9463ba1a3964,fashion_bolsas_e_acessorios,47,1182,4,100,16,16,16
c856eb93568d1abd93fbc39fc0a9704e,moveis_decoracao,53,982,3,400,28,9,18
05805f52cdeb93d7684f871e599f0078,moveis_decoracao,25,128,1,4000,70,12,52
6a0713a63e990052795623e76cc2995e,cama_mesa_banho,31,151,1,900,40,4,30
c8f7df520102efbaf9927f5acf21b928,brinquedos,54,452,6,450,21,9,16
22c5e15506cbdfe5acd1b6a89e607868,cama_mesa_banho,59,662,2,647,30,5,29
a767d41b71a909a1dd1e969f4b50732c,eletronicos,40,2592,2,1200,28,8,18
6d59a3fe3140425fb175cdd1e688dc2e,moveis_decoracao,57,351,1,400,30,10,30
3a7c9b0413d7b9cc7f4a18318fc5afb3,cool_stuff,52,797,2,1500,50,40,30
0ee7a6e1cd4ecf72e711a2f68b4d8d2e,informatica_acessorios,42,796,1,1000,31,12,11
b3b0bce74668bf355cbd94db1e4d17b9,informatica_acessorios,44,1133,2,200,36,15,21
afbe1e973aefbf72a330e3bc72d4b476,cama_mesa_banho,56,501,3,1450,45,15,35
e9ba3ec00ccd563b43e5de69a74a43d7,relogios_presentes,48,767,3,200,16,13,13
ca349c4d87c594b4995fcc4fa9c0b77b,beleza_saude,45,374,3,200,20,3,30
3ae08df6bcbfe23586dd431c40bddbb7,relogios_presentes,63,1642,3,300,16,16,16
c9d1849f97b6fe404378805a105d64ec,utilidades_domesticas,48,1204,7,600,27,13,27
6b119e825230e877b98f89b47081bc52,fashion_bolsas_e_acessorios,60,403,4,150,16,9,20
071930404657f7cd416f75bd063a9d4b,informatica_acessorios,58,1313,4,4300,26,2,38
e40fa115d27ea4a80bf2136d5f0cfcd7,eletrodomesticos,60,245,3,350,27,13,17
a4bc24bcb44abb54f2f6214991dcdab0,utilidades_domesticas,59,1104,2,1450,37,11,32
6eb6618376baf873225738ce4fe760ac,cama_mesa_banho,44,331,1,300,36,6,26
3ff81cd0e0861e991bb0106c03c113ca,brinquedos,63,2314,8,600,21,14,21
c3b271f47e73d0c9ccf1b43b7606c705,moveis_decoracao,59,473,1,600,30,3,20
9805b37a2e4983fb5dbb5c8168590c44,industria_comercio_e_negocios,47,563,2,2138,77,26,18
f457c5f0c72ba4cae17636c5174add2e,informatica_acessorios,54,573,2,150,16,4,16
97ac99fefa9cf4eb8f825136a89e8f40,telefonia,63,3883,1,370,17,6,11
441571d37eb4c02c1686c4a2cff8a8e5,bebes,60,1797,5,850,68,8,13
29d2735be03e1169db0545c3741c74e5,informatica_acessorios,35,770,3,200,16,6,14
04c48a5fe31aedc4ef3896c005fd483c,perfumaria,36,574,1,449,19,14,14
fc35f167625d74f06ad5e5e643172cb9,relogios_presentes,63,258,9,200,18,10,18
c413fa08b405af6edb9d49e85e241c08,telefonia,37,326,2,100,18,4,12
f07ef9dd6e2d9a366ff30a25e210be70,telefonia_fixa,53,1021,2,900,20,20,20
67b0d38a61d8e4c1c1df7d56276302aa,fashion_bolsas_e_acessorios,63,655,4,300,16,9,11
777d2e438a1b645f3aec9bd57e92672c,cama_mesa_banho,58,689,1,950,45,15,35
f38ce47371f868581f8c2df4ffa47fb6,esporte_lazer,63,1244,2,28500,105,65,25
2c855454330b900b5238383ea6e815ca,moveis_decoracao,63,627,2,2500,38,7,28
3df9a620374297d963f991ff296639a4,moveis_decoracao,63,838,1,1500,43,5,30
f32af0a8b0bcb05b60f05e8907ad8866,moveis_decoracao,59,325,3,400,16,2,11
cfd414b4463647f58c7775eaae06893d,beleza_saude,44,1529,4,300,17,7,12
c0d44799bf113c42b744c0c5310a081e,fashion_bolsas_e_acessorios,44,466,15,1000,20,10,20
743801b34cc44776de511ba8eff778e2,moveis_quarto,55,1939,2,200,16,2,11
37b56eb8cc2988e0d7b5cfd7858d67b3,pet_shop,59,612,1,2700,40,12,40
60525d5b6a1658c5eea3c64713922000,cama_mesa_banho,50,620,1,1700,30,10,38
55ebae49cf4c0963d5738a39e1e79750,fashion_bolsas_e_acessorios,54,588,8,300,22,14,22
e0f33a3329af6716a0bb47fd7a664439,,,,,200,16,13,14
a10553a1882cc51b8910c246613fb0b0,moveis_decoracao,29,278,1,7600,40,35,35
0b50295ca2c740dec15bb6fec6e8a3e2,fashion_underwear_e_moda_praia,33,1107,2,300,22,10,15
824479121ed07485e5195dd6bfe467a1,moveis_decoracao,50,307,1,500,40,15,40
49cd59957f1c81427ca0b2edf5696969,bebes,33,55,2,400,25,10,30
4fee671ea459ebc96546523917e254a5,consoles_games,63,2872,7,4700,35,22,32
ad88bf1ad347307438c9c852084a06ed,automotivo,45,136,1,100,18,4,11
5e70a4508abd5d19bfe7f110785294c8,informatica_acessorios,43,1014,3,400,22,8,15
907c84d5b8961d53ba1b803638fffcad,pet_shop,61,1257,4,620,14,8,12
68a058d125ba1544e726898f0b8c0523,moveis_escritorio,54,1283,1,10475,52,51,17
152153cc85a6e47325494a479a93fc4b,telefonia,31,269,11,200,16,3,11
41817d1d44000e3105f24470a5224bcb,esporte_lazer,48,687,1,1225,25,22,22
76bb142328fba1ac3a1e2ba033171d94,cool_stuff,61,2222,2,400,17,8,26
7aab18bec732db73232f712de3ba14fc,automotivo,40,526,1,12300,62,62,19
d38b73f9519632415b56acb83abc77fa,utilidades_domesticas,54,620,3,1900,47,11,25
c28e193de2c4238b77e875455c458067,beleza_saude,61,391,1,700,16,16,15
d2998d7ced12f83f9b832f33cf6507b6,bebes,32,561,1,500,18,18,18
462ca84097e3116f8dc7642fb057b4b2,informatica_acessorios,32,1078,2,200,39,2,30
926d11f0e2a1171fed968faf5caa8f92,ferramentas_jardim,29,799,1,1150,28,55,12
d41d8cd98f00b204e9800998ecf8427e,automotivo,16,115,1,1181,30,17,24
ebb4faacc3b7ade065ff47901900c4e7,esporte_lazer,46,679,1,5350,55,15,43
242eb53ca3c0b52e275b6fd7ce8b0be7,fashion_bolsas_e_acessorios,44,1357,1,200,16,2,11
dcf0f4c00270e4e71c868cbfedff1e9d,esporte_lazer,53,3189,6,6050,40,30,30
37eb69aca8718e843d897aa7b82f462d,ferramentas_jardim,43,369,2,600,38,16,25
140395ed1d1dbd100f577c5403181a1c,esporte_lazer,30,137,3,400,45,7,20
eeeb2241b2cde4b94bc73dbc8e5c7586,esporte_lazer,45,1322,2,500,26,16,21
31639956e7fac87ecfd9d608040638bd,cool_stuff,38,500,1,5150,90,4,42
12595985a0207bedf6e09ef07e1f98a3,esporte_lazer,63,666,7,10100,80,30,60
52faaea7e7d55dfe5aa81f0b5f79d7b9,moveis_decoracao,63,702,3,2050,35,10,35
5355a40d35bd884a0a357a703be19df5,market_place,48,1022,4,100,27,15,15
06e73ddcb54620a36bfdb2e073c4dc40,fashion_bolsas_e_acessorios,48,357,5,150,16,9,11
1e9f407b0d5f8f439956c66df050c107,eletroportateis,46,603,1,450,20,20,25
3c62f48140fdc7650a63b182fe3b9e4d,moveis_decoracao,63,832,2,1700,43,5,30
a25a9e3433043fb8a0808f310d8d8203,fashion_bolsas_e_acessorios,46,846,13,1000,45,16,45
5d92abea542c2022dfee91dd630f2697,cama_mesa_banho,57,261,2,1580,66,13,45
e0dfc740a058aaf5d2627087f26ee80d,perfumaria,45,1170,1,800,20,15,15
9dce7ad606cfbd6ea6ef7f7e43c039c1,moveis_decoracao,59,473,1,600,30,3,20
333f07710e0ba89e037d164c13726e6a,brinquedos,58,470,2,1600,22,38,32
44377a26f7c80dbf0a9b2b300604e6bf,beleza_saude,45,1634,1,1400,20,20,20
d2686065b870834cc92605a5b9ec84ba,telefonia,33,300,2,100,19,3,11
1155065aa63d0a6d301e174ebb2972ea,esporte_lazer,34,465,4,1400,27,12,49
c0d4027067afcf9c1697cce981b8fed6,pet_shop,63,1269,1,200,16,2,11
269e87010f6d5e57015a90b00983e334,informatica_acessorios,63,167,2,250,22,2,14
8dacc114d37ff4b78075db0d2464022e,malas_acessorios,39,278,1,700,19,48,35
b59cf7db0bc7ebb20a80f1ea335194b0,beleza_saude,35,547,1,1500,50,15,20
9d8945bf83fcf586d751dacb07e28a3e,ferramentas_jardim,44,442,3,3000,45,13,18
6e2c62713ec17c681eacdf653dddb4e5,ferramentas_jardim,50,1430,5,300,17,4,11
b68cf84ede4fd1e14b1740de5b727d55,beleza_saude,47,1319,2,638,26,13,22
f27f59721d5a9cb39432b91f812ee308,bebes,34,469,1,300,25,8,25
a31e2b31d699c94831605bd8c9f1b36e,construcao_ferramentas_construcao,32,300,5,6600,37,15,44
0fe71728868b7995080b3971f0b94c70,esporte_lazer,53,414,1,5850,25,90,12
bb674e06dbfa1c64d429fd65dfc02f87,bebes,39,246,4,2300,33,48,35
6ab41d7f15e7af9d6c7cd912055acc1a,esporte_lazer,39,410,1,1037,25,24,20
3128a1273a207ae946c4dd1e23c86fed,,,,,1200,30,30,30
e5fe5612792826b2c61371acf1480225,moveis_decoracao,55,829,1,900,34,8,22
7b94353bef4c3e78ed02f8cdf33d407d,beleza_saude,40,662,1,500,16,18,15
852b19e59727d554cf958607536d86d9,relogios_presentes,36,1517,1,417,18,12,14
95ebf42730dea8baa19b9c8794da556b,construcao_ferramentas_jardim,21,598,5,2460,34,44,25
d54a7e69c3102b38b13952aeae0bc8f3,moveis_decoracao,58,372,1,400,37,15,27
b795524e6ddbae40e910d169242dbcd7,pet_shop,37,993,1,513,23,27,21
0521fe3eb04940304b489d0fb49a37dd,ferramentas_jardim,58,686,1,1450,90,6,18
521037bc7634babf82c004187b6673e7,esporte_lazer,51,1117,1,1700,20,9,16
e0520a21b848aa7efcb536bbda142e75,,,,,500,35,10,12
61a15da36ca0448be0565f8ee41dd37e,,,,,1000,18,20,18
bc5eb8763748dffc2350d94dca6f7a95,moveis_decoracao,60,640,1,2200,44,20,36
8694f037a1ff62c5b61939eb818e43ab,moveis_decoracao,57,314,1,600,40,15,40
bd701724b9bc9f955e22db8ec65b5097,moveis_decoracao,62,445,2,300,21,12,12
ec7b66dc5dc162790056db61a1d61c99,moveis_decoracao,41,711,1,3000,35,48,40
9d3bc872d8bb405d3cd5e7a8deaf4fa9,automotivo,36,438,2,250,16,15,11
deafef42415ecde158b2a30ed7981e65,ferramentas_jardim,32,297,5,4300,33,16,33
983fb87b74395e82bbe509cf694296ce,cool_stuff,43,404,6,400,18,7,11
9538a4d0d20e31d209def88993f8dca3,moveis_decoracao,35,781,2,300,17,4,12
87283a98b24f9f1ac3a31b631073cf47,fashion_bolsas_e_acessorios,50,411,5,150,16,5,20
ea99388f66ccc3a78b6c2d7725184b12,esporte_lazer,57,373,3,1400,65,10,16
57d9a5d185e8254383504f57c4b8ddcc,moveis_decoracao,55,466,2,500,16,30,30
07ecfc5bd0d3ca496facedede13afb80,relogios_presentes,50,389,3,740,18,12,15
102977ffbec43473f129d2e77b019475,utilidades_domesticas,48,514,1,1138,35,28,24
b931645cdc2d9868f01544e8db63f5ab,ferramentas_jardim,59,398,6,4200,50,28,28
62744bf012b60074e5fa0fcd657cbd34,moveis_decoracao,59,595,4,400,50,3,25
b4b1c13bd539cdda68bd9a5e899767fb,telefonia,63,1548,3,400,18,16,16
9d374944ce89ce9afd8c8f79fb7f3bc9,informatica_acessorios,60,337,3,400,16,4,16
1fa728d99803c8849b5c95cfeaf9b60c,pcs,63,451,6,3000,30,6,42
6aeed495dcb87dd06532f70dea6ebb5a,beleza_saude,64,1404,1,3100,16,33,17
f1a7551730e920950fb0346630971099,esporte_lazer,63,1200,4,1800,70,12,17
ffa8916ae85546ee99d1965b28e447ae,moveis_decoracao,30,760,2,27800,40,50,70
baddee1245c9736a49167f66e0912b0d,pet_shop,47,2017,2,200,16,2,11
16ce899c7af0c99f46948734a0d00f0f,papelaria,49,326,1,1000,18,17,25
9434f2004187b3e71abdb691ce47e552,eletroportateis,19,285,1,1800,30,15,15
2eb6e8f39feaf75fc5163f774d38f0f1,pet_shop,53,1517,2,467,19,15,18
aa0568a1b7093748a1922993f5817983,bebes,33,943,1,200,16,5,15
a24198acc2d0e8240c40d914bd18df04,esporte_lazer,42,1006,1,970,20,19,18
98030fe87f5a7493a33f427054966596,eletroportateis,54,1369,4,2300,25,7,60
88d165f46820f016a6840428dd5b7996,perfumaria,40,535,2,475,20,14,18
6f840285d8144b4bf384115658527591,moveis_decoracao,55,241,1,1100,36,4,30
112dad9870ca76046f327b9c08f00b29,brinquedos,40,1493,1,700,31,5,25
dc82d7e8f99966cb4c641f7ea5590eaf,bebes,63,60,1,200,30,20,30
561bea95142a07c5a363216f47879cbe,brinquedos,44,2586,3,22750,32,82,52
ba4a91633739ceceb2b73b627e2cfbc3,moveis_escritorio,57,1296,1,8750,52,51,17
e1ecccdfd47d369563db0edf20549475,moveis_decoracao,58,320,1,1400,50,15,30
3a98bcea866c31f53b35a41d3822f908,telefonia,46,378,1,100,18,3,12
969a9ead309cdd6881492b674cbe5433,beleza_saude,60,1409,1,1000,27,10,19
65869c674f968fabec92e25a2b43d6ff,moveis_decoracao,60,557,2,1300,37,5,28
a6560efcf4467e1e097914a84362b833,telefonia,59,167,2,100,20,5,12
ecac086eca2f806295b1f43b4f6ca119,fashion_roupa_feminina,40,1628,2,600,60,60,15
e1ed3c28e40cbce2783e79eea79e8701,moveis_decoracao,57,241,1,1800,40,8,35
57e5c7033739b88d673eba67e9cf9376,telefonia,50,361,1,200,24,21,21
54f45413afc0d5480c59f5dfeed2d19f,beleza_saude,31,490,3,2450,20,12,28
a07d0595ac61dcdd44214f0426431c9b,fashion_bolsas_e_acessorios,45,385,4,150,16,5,11
060cb19345d90064d1015407193c233d,automotivo,49,608,1,7150,65,10,65
f0f3c686ec837b27ec9da08762d85317,automotivo,41,353,2,200,25,42,25
9d86a51639004c70d7b6037f43ecc070,ferramentas_jardim,64,1210,4,2093,58,51,17
4340de579ecca5b411504b2d06d2edc3,moveis_decoracao,60,239,2,2300,40,10,37
653e9d44d27743337fc1868e4346d661,moveis_decoracao,63,732,1,1450,32,12,30
bf128b5dced56e2ec0391179eb70443d,bebes,55,728,4,2300,24,26,36
430d215740da7fdda91cc938f8fd92f6,telefonia,50,2641,8,260,19,7,13
25da7af0ae86de644e6410fec1d599d1,automotivo,41,2716,1,26000,60,60,17
fec76cdd2170ca10b02e2f0d81ff4123,esporte_lazer,48,888,1,200,16,6,12
11fd9d7ba552e1d28872e008acf1e050,cool_stuff,31,1194,3,10225,19,11,11
525a5744fb5d26e4035d0610446900c5,market_place,57,386,1,375,16,13,15
6cdd53843498f92890544667809f1595,beleza_saude,51,625,1,900,25,12,38
6ccbeb9656e37cb5fd5086f838762471,fashion_bolsas_e_acessorios,55,405,5,500,16,9,11
3edc3d3ffe806f5115118f86cbf5a021,esporte_lazer,26,621,2,300,26,8,16
8f9eb414b31a9433e8c89178813a2072,pet_shop,41,1009,1,400,20,20,20
8158477dcd2a668fb6faf6aa4131b0f4,bebes,52,1220,4,600,26,22,14
1357d7d30c1609c50ad43a42a204286c,moveis_decoracao,54,271,5,500,20,15,20
3025303c80b01a0926fda2841cc31b4a,esporte_lazer,56,222,2,2100,40,25,28
f28cbd414cd06f1ae84065c8dd8be834,esporte_lazer,60,806,1,700,20,12,16
4c4a683ed26e07635c1be832f48df0ae,fashion_bolsas_e_acessorios,53,825,6,1000,40,8,40
28a0482239353fd069dcf3e6d625ed5b,perfumaria,44,389,2,424,19,13,14
f9e5efb845b51d764b06f149eb99fc7f,moveis_decoracao,63,715,4,1350,35,10,35
77b433708de78b6f08c64d3cb465ad8c,telefonia,37,166,4,200,16,4,13
8bba4a8de8b5de57c7ff105d043254dc,beleza_saude,56,1849,1,1550,24,38,24
37ffcf68086496e428431de29b0b394d,esporte_lazer,54,834,4,900,60,7,58
62a183c5f3895060ba1a8f1415694908,fashion_bolsas_e_acessorios,45,602,5,100,16,9,11
566837caf82af3f65421f9d9d8820a27,moveis_decoracao,56,385,1,700,25,2,17
3ba2b0de14984ce8f072c58be8d701dd,brinquedos,59,1164,4,6133,44,35,48
9523f1a3e7db9e38d55379435bd450c9,bebes,45,659,10,10400,33,30,44
b000447e24e31a4d7e628ca4d0622131,telefonia,33,119,1,250,19,4,11
be62f0c24387eae79f18265ad2a5d8cc,esporte_lazer,60,2214,1,4100,16,10,16
6dab56beb5263f0d554cae5c55809208,beleza_saude,56,966,5,175,16,10,18
bf128711128b70eaa9e07df69e9a75e2,telefonia,61,992,1,600,23,6,15
ac85c1f3006839a0ad6995824c497974,esporte_lazer,57,220,3,1150,90,10,15
8b39be5bbb8a4585ed19cacbf4162c27,esporte_lazer,25,1418,4,100,16,6,11
0bfd2b8146cd034448f6e4c8ac8e47f0,informatica_acessorios,44,800,1,1100,31,12,11
7cb189885a8c492d7fe0ebad09449b3c,esporte_lazer,46,515,1,600,28,25,25
0d60ec9cf77726af8257bc483d038a72,casa_conforto,49,566,2,1075,30,30,14
51f906f965ca71722df2059f9a7c1b62,,,,,25000,52,78,36
5b8423dc7f23089c9c59c5d140eb5a1c,brinquedos,59,1629,3,5250,51,15,52
758acc685222455688ff4b46d5f5dfd6,moveis_decoracao,39,867,2,11600,65,40,40
0f3777229e40207d248acfd6e1f716b6,esporte_lazer,64,640,2,30000,42,105,47
b52af48deef5c1fb35c99248a5269973,cool_stuff,59,566,1,15300,98,32,28
e94df75b2e9a8b056be0c144a731f55c,pet_shop,56,1538,2,625,23,17,19
98d61056e0568ba048e5d78038790e77,automotivo,49,546,1,6400,63,11,63
3889a02f55ae9a5e5e321c4a4d2eee64,moveis_decoracao,60,448,5,16300,30,30,30
575a31c3324630960ae12bf5bb9618e4,moveis_decoracao,38,447,3,400,40,40,15
4c8541293fb2d3359cf52485b4d59b8e,beleza_saude,46,1005,1,750,25,13,14
49f57e8347e394d0ddfcc1c8acaf9b2d,utilidades_domesticas,60,943,1,4100,32,75,32
b19e331e05bee8900ed6e582b4c8dab6,cama_mesa_banho,52,382,2,3500,47,21,41
e99d30bfed97b6061153d250f19d381b,moveis_decoracao,41,447,3,400,40,40,15
b0364648b1c062169015d9234d97d306,esporte_lazer,46,233,1,383,20,9,14
e00d2c49504aeaf7acdc9ff7cf8a6107,brinquedos,23,587,2,2079,30,27,24
bf80e0bf47dacb5f19bac03656bcf4bc,beleza_saude,56,740,2,350,22,18,21
39a7355be858c501ee022aaf6461bccd,ferramentas_jardim,39,1091,3,8800,33,28,20
20090bcd0d43eb49feb63d53d387780b,cool_stuff,63,2597,10,300,17,17,20
79bcd1f7f00535c801244eb999d8d290,telefonia_fixa,47,607,3,300,17,8,13
9da1c863c2389407fa1da532a5238d47,fashion_bolsas_e_acessorios,37,368,4,300,16,9,11
b3793f4676bdf327ca34c40d236ee2b2,automotivo,56,875,1,2363,26,10,26
7e0dc102074f8285580c9777f79c90cf,ferramentas_jardim,60,1251,2,800,30,10,30
014a8a503291921f7b004a5215bb3c36,bebes,37,497,4,150,16,7,11
d4a8ab90e626911fa92af68c07228390,moveis_decoracao,59,438,1,1000,30,4,20
6c1f4831ccdb5827090656c9f1551d3e,cama_mesa_banho,42,458,1,1840,48,8,39
cba54528d3adcef3c12d8e8b9a48bc17,cama_mesa_banho,30,1036,1,700,45,10,35
c13e94ddeafb40833a4c2e02c65bbb5f,beleza_saude,57,425,1,30000,55,75,61
4a1759556510b507ede067b7e191b927,cama_mesa_banho,58,168,1,1100,31,8,21
d12a5178024ccefb3582170a9ab45a0d,cool_stuff,44,422,4,3288,25,45,25
e9dd44f666af26b50ebdc7eefb56877a,moveis_decoracao,42,1481,3,1800,80,10,15
fa80471d26662bb653b2286e4b735a5a,automotivo,40,2723,4,25150,63,63,38
6020b332bb4a8888917d4844eba70bbe,perfumaria,32,265,1,8086,19,13,13
4abef02c9dfc89006cb3d501d1f291c1,bebes,48,2296,1,250,16,6,13
2a4147c2b7b63a57aba916e6a5a03493,fashion_underwear_e_moda_praia,63,3853,9,700,20,10,15
45f176c0bd310b5d35594fc78a8ed5e5,brinquedos,43,1324,4,3625,29,38,26
edf219cab1d0e435e3e499287dca9a03,pet_shop,47,852,1,200,16,16,16
d2a0d941f4d70b5ec52ae23a1290cd0a,esporte_lazer,26,440,2,600,35,25,35
dda262b26fcbc5dc618bbf9c12ee8779,moveis_decoracao,57,757,2,1000,35,10,25
f6fe388c9bfc145a2790437f1e4888d9,fashion_roupa_masculina,53,1434,2,300,16,2,11
be40e17908725e5bb30888064ff7e839,consoles_games,57,3211,4,11200,40,40,40
8903e02564eb6f9584dae521a9663b55,audio,47,557,4,400,18,8,14
915ff35b0555b98fe64bc60674da4c43,construcao_ferramentas_construcao,30,673,4,13350,30,29,34
425a12d4dd8e5e7ba3be5c4157f1fafc,relogios_presentes,53,657,2,246,18,11,13
66a0a6e02b7f543e5b021ce361f267d4,cool_stuff,45,798,1,1500,50,40,30
1dc6a19ea34c75792743abebd47309d3,brinquedos,56,797,3,1850,36,36,37
2c2a7e84b8ea741adf739c11dd78ee1a,cool_stuff,58,2216,1,300,16,16,16
1d828db422e61ea21702baf9eda8732d,telefonia_fixa,49,210,3,100,16,4,13
1da5a90b5fbd1e1bc37b7bbb999c7bd3,moveis_decoracao,45,606,3,1000,29,13,13
b11b6e603959e09bb5b90095db226602,eletroportateis,54,651,4,1950,31,23,23
ca9bcd697674a4d0eeb84be9c533b9d2,pet_shop,37,385,1,3800,45,30,35
2797d3826d386bfda4f347a378b89f4d,pet_shop,36,142,1,200,16,2,11
0cf1296fa38622de944eb05701b4ff34,,,,,1200,35,35,35
424471a68d6b1ae4a53d39723e6981d3,eletroportateis,49,1274,7,3767,34,36,28
28fd1639ff52d870a3d2c38090d2d902,climatizacao,48,787,1,3573,50,58,32
b73f6899a58fe7a37e55149e9a11c717,moveis_escritorio,19,917,1,10500,53,73,18
562502b79845deae9bcd86384921a2c5,moveis_decoracao,51,1010,5,200,25,40,25
e951fa511351528e83ebde739f059348,ferramentas_jardim,48,366,5,2600,20,17,30
389d38a555287ebf3413ce43392cf007,telefonia_fixa,40,945,1,400,16,2,11
1514ddb0f4a5afc8d24104e89c714403,pet_shop,54,282,1,200,16,2,11
ea922d4a264635e1c479157377deb623,moveis_decoracao,60,1066,2,1800,43,14,12
94957e92f3bfe1d1b2330039dc803853,moveis_decoracao,57,1030,2,1000,20,40,20
41f447e263110b954a7e52f6052ab5e1,telefonia,47,334,2,100,16,4,11
a4d8f727f92014da5dd64116af14634c,,,,,1200,30,12,12
8c81af91a9b96d073ccaf0d3402ec5b2,informatica_acessorios,24,1590,2,400,17,7,15
c896aa5b12fcfbb05d648eab1240f407,automotivo,47,157,1,450,48,8,14
181b31b11ea16a87d5acab5a78320b93,esporte_lazer,40,593,1,5200,23,23,11
250ac1c9c91aa7b446a4fa9ff67190f8,esporte_lazer,50,462,2,600,30,30,30
4325528d61b94383829ce61040c858ed,fashion_roupa_masculina,49,339,4,275,28,23,35
4e5e41fb7d296a6f776c63fee5cb9fac,relogios_presentes,34,644,1,485,18,12,15
35488a9242f4aa7f9f5c3580f1243512,cool_stuff,58,2272,1,200,16,16,16
4a90b44b456e79e7a33435fdd36e551f,ferramentas_jardim,64,2432,4,10700,32,63,32
d26580768894ea0cdc9f19dc672956c2,utilidades_domesticas,44,586,3,3950,42,14,22
e336c656869480e20d04ca9389b12167,fashion_roupa_masculina,56,336,1,750,25,5,17
89f055104adb9365d7f7b5c475f77742,beleza_saude,38,395,1,114,19,16,17
da9278e44c4ae00f02a965792a392ea3,eletrodomesticos_2,54,635,1,5400,26,55,26
cbbc2be2dd13b09f354a19a987e05924,moveis_escritorio,60,1252,1,7850,52,51,17
eb6b6f708fb1a57720d0734f30c3b31e,esporte_lazer,63,1436,3,1900,70,14,17
9fc063fd34fed29ccc57b7f8e8d03388,beleza_saude,48,657,1,750,38,12,25
2fcbaee260e3146369f5e4f2b2abe551,ferramentas_jardim,41,867,3,2000,45,18,12
67fcc72a4cfd0ac826c0158ce5c98ae6,esporte_lazer,45,1562,4,3150,60,9,23
8fd009f43c970fdd7db487475a59cc7a,ferramentas_jardim,64,692,4,3400,30,20,20
c92f0e7b9d49a9543558d6532772441b,malas_acessorios,48,485,5,17550,73,20,47
67c8b207e496408eb0f63e09c234dbc0,moveis_decoracao,34,574,1,11100,37,41,37
d9ba932a269adb3893a1d7e53161c7d2,beleza_saude,37,647,5,2400,35,42,14
93dc30627407d30e6917279857c8d9f1,papelaria,56,413,1,800,20,50,40
dd8c2302e75b8c69bfde7a67d2500a3a,moveis_decoracao,37,267,8,2000,30,20,30
bef13288a0f8b26d763411ced1dfa268,cool_stuff,50,450,2,350,20,30,40
9e0abf2fbcf4445cb287fbf474dcd8ed,consoles_games,47,535,2,400,16,21,14
7743cda964f0400e51c2a904c3f1af36,moveis_decoracao,57,603,2,6100,70,45,45
b206760d97dbc76527bb07029a6179cb,informatica_acessorios,35,1101,2,300,42,2,30
d9471e8bbb843a2afe92def2edfb8638,moveis_decoracao,58,1211,1,700,25,8,25
ace91f88d635b9e5563e36cc0a0a8f09,moveis_decoracao,49,466,2,180,16,30,30
85b99d83c60cab5b4d8f927ad35212a1,moveis_decoracao,50,1017,1,2100,30,24,25
0534940d69bf94dc61c0e722b4168235,moveis_decoracao,32,337,1,2300,45,25,20
125d26eac85cf57783e2b545149ad38c,telefonia,32,340,2,100,20,10,15
58efb9b638561ce132216a9a612513e2,moveis_sala,30,606,2,9700,27,15,92
61787f92f08a18258c0267e53cb9c1cb,fashion_bolsas_e_acessorios,42,220,3,300,22,8,15
65b89f415ce968a584fde133ae3ce3bf,moveis_decoracao,63,653,2,1600,38,7,28
c2e158a66da842665f27c88015a7dbd8,informatica_acessorios,53,813,4,850,17,12,12
e34f7accdfa3f3f2ab0c16db77858f6d,cama_mesa_banho,57,385,1,1800,45,15,35
d8c365a069853295a82caf595c2c8c8d,moveis_quarto,55,1931,1,200,16,2,11
a07f07c939807b4c970452eb30a130e6,moveis_decoracao,19,331,5,900,30,20,20
c66def7098f4d87751f40c3a4855ced1,brinquedos,55,546,1,2100,22,50,32
fdf648fe44c2e24e9857c8d4ad5a7028,ferramentas_jardim,19,141,1,700,19,24,12
1139f00effbb6523b59f6e6ebddc6d44,esporte_lazer,60,1628,6,1900,40,18,22
61963c77fd2c3db173915d9dc837ee12,cama_mesa_banho,55,804,1,16050,70,50,45
bcaa4355b2521984b94978febf3f2b10,moveis_decoracao,59,299,1,700,27,6,32
d654b576d9c9844bd7f6468421a38f48,automotivo,52,840,8,2600,20,40,40
107177bf61755f05c604fe57e02467d6,moveis_decoracao,55,130,1,2050,40,11,34
b76da58c750b3f050191dc0d87e6029e,cool_stuff,58,2216,1,300,16,16,16
721b56b7d205d6750e97716593bcb370,beleza_saude,55,3458,1,2550,35,30,13
b7639dcdb2ca827e7bd4c0ab0a7ed477,telefonia,39,311,1,200,19,3,11
7340a3839a1de1e99d149b8cf052a2ec,cama_mesa_banho,56,536,1,800,45,15,35
c54ed8ea69e24c191fbc23b3234c6b32,beleza_saude,37,904,1,413,17,13,12
5e57a146ccdca976190821a00a059ebf,perfumaria,43,837,2,411,21,19,19
0dcf825106493a9e9edd115860e709c1,informatica_acessorios,57,346,1,200,22,22,16
1d9c26a3cc1a9a167955e3922b597210,perfumaria,60,1038,1,200,21,7,13
3cdff94d5455b793b415be775cace03c,beleza_saude,54,340,1,250,16,16,15
b560b8ea76437c088ea9a83c49316fb5,perfumaria,49,373,1,433,24,12,15
ef5ad80d84199def6971cac1eec1bd0e,beleza_saude,39,707,2,2700,37,23,39
34ca28e1d0a2055f325d4275bad02073,utilidades_domesticas,60,1256,7,3300,32,29,51
955ef07f4e61b2033c9d6af6a6b61783,cama_mesa_banho,54,290,1,1700,34,9,33
b23a6d2e943df2a8248577f6523580ce,informatica_acessorios,62,179,2,350,35,35,25
6d2928252aa5ba6a5fc439571dd0d748,consoles_games,61,3416,2,1200,25,18,18
7402c8cf69df715729b26da0ac2cc721,eletroportateis,34,1182,2,441,24,20,17
739312eddb4431af9a760e797da4d869,cool_stuff,56,236,1,90,15,11,12
3790861742b5e1e8c72bc179fbeba4be,moveis_decoracao,30,380,1,250,20,6,14
3c0c5eee30aef7a844410f1d1397b620,moveis_sala,30,606,2,9700,27,15,92
9db78e784e1ca837bb7f510888807baa,eletrodomesticos_2,58,1480,2,4450,29,48,22
d1b8f5983d9573c8e523b8c56a59497d,fashion_bolsas_e_acessorios,39,582,6,150,16,9,20
13c20e4b6e3e7d4f0f336fedcf4198da,papelaria,50,277,1,300,27,26,27
3513bbea7a2bd5526aa2be8f2f898a70,automotivo,48,339,2,1400,42,5,42
fb21cbf5cf37c8282a583cf8b6e770dc,beleza_saude,63,3900,1,700,16,16,15
54c31c4585d30843421c7ea07d80f84e,informatica_acessorios,41,717,1,200,36,9,20
6bf1cd252d73626ab181be470f56e07b,moveis_decoracao,63,143,3,1250,16,32,16
35bd74b6319ba18ae4f30d8b54144fd2,bebes,63,60,1,200,30,20,30
247fa5b4e2f524a22b21ef256ffc23e4,informatica_acessorios,56,954,3,950,31,4,23
3cebb9158a3aa0b3f78ee0f934c9f032,esporte_lazer,41,423,4,1700,28,14,22
ad5396bf96af6ede77130e54ad266c61,moveis_decoracao,39,252,1,900,16,34,34
d05d900323cc6f68c3de5ad56d8d63e3,moveis_decoracao,60,362,1,2100,40,10,30
680cc8535be7cc69544238c1d6a83fe8,pet_shop,48,1392,1,200,16,2,11
e095c986136fd680308f08bc98f20a53,cool_stuff,63,2662,2,300,17,26,12
d0ae5110da1575c15853f122de459f4b,beleza_saude,63,2472,1,1400,16,16,15
b72b39418216e944bb34e35f4d3ea8c7,esporte_lazer,39,141,1,767,26,8,20
190179a3742b4110aaa5373a873885bb,,,,,200,20,10,15
f2b525fa6f0346d64e4efcf1b2302d31,consoles_games,40,773,1,300,19,10,14
91e9e720834fd442374e12835393387c,beleza_saude,58,1797,3,200,21,7,14
eb005badd08b68a6361449b18b6e13bb,esporte_lazer,57,3677,5,300,20,10,15
53bd0c908c6ab820c9828763348728ef,moveis_decoracao,58,275,1,1300,45,8,35
f27f3e8b4b3836e4d6cd756dfb83e750,esporte_lazer,48,1322,2,550,26,16,21
aa2b29bee083c3eb3779f39fc09527b7,,,,,1500,18,35,48
860a24fe5502e492593ec000b1c33559,moveis_decoracao,56,384,1,500,30,10,20
73026ce2daa69ea29901945b1f915846,beleza_saude,55,1346,1,1400,20,20,20
c847f8a786c8a1a4ba04f7c3626cbd55,utilidades_domesticas,40,297,5,6800,44,16,44
af667947a84d9ff9d326b60ab75d1ae2,telefonia,54,363,1,150,19,13,16
f1261761d91b574288d60a6390a007b6,cama_mesa_banho,64,332,1,1600,45,15,35
c384df04227582c085d6524937a3768a,automotivo,42,460,2,21800,60,60,20
e51136ef1d291cf07cc8a792b4a16f94,esporte_lazer,60,189,3,3100,41,11,30
d32c445df9d36f1cdfc915ed14ee44cd,moveis_decoracao,52,1111,5,1600,35,13,35
53f94c255b909ffb24a4047e0c255b91,eletroportateis,32,869,2,405,18,13,13
7676b117e79a01065c4962a3064886f6,esporte_lazer,42,249,1,1255,29,14,16
12a3dba07d03c2dedf0c40d6499b55d3,moveis_decoracao,59,87,2,6900,74,13,52
b77dac30490dcfa827c2060a7a3a2a0d,relogios_presentes,35,564,2,500,23,15,19
610a37c2cc32f63b7dfdafef64e5069f,utilidades_domesticas,50,548,1,1400,25,32,25
67cdbf842853a39463b426b3b2d27466,beleza_saude,34,218,2,350,20,14,18
7e7e1af4ab49963c6e1245b2dbd8f492,utilidades_domesticas,63,447,3,1250,38,10,24
6d4bb6101d2927f04617ed23f0d6aee5,esporte_lazer,53,691,1,450,23,22,22
b35ce9c1e37f5b0f4134da0fe4c93b84,cama_mesa_banho,51,867,1,1200,20,16,20
e7f5908a3c9844728d24e3322254b109,esporte_lazer,27,372,4,400,27,8,15
51eb65f0fd99823a3cb2c0d985e230a9,beleza_saude,54,2009,3,29800,95,19,66
175cce7a953e6f5765c7bb03b369a672,telefonia,43,693,1,100,24,10,24
f614b080b510187124d5e964cb35584a,moveis_decoracao,54,2075,2,600,68,8,13
104df90728d375537321e6d994168cc1,ferramentas_jardim,63,735,4,5750,41,18,27
c7084bc72369a57c93c6edaf0b60b235,beleza_saude,37,613,5,600,23,7,48
89c111575a1b19782a2e660eff07dd8a,fashion_bolsas_e_acessorios,46,633,5,300,30,15,27
ed724a28107bfd2a1aebcb6dcd2055f4,malas_acessorios,45,646,4,1200,42,20,31
c8a3354f3676a68d1d990112ee5f2b5a,automotivo,37,182,1,100,21,3,18
12715d8bb61f9c2c26219377d9737584,eletronicos,53,1996,3,373,21,11,17
4aab09f985ad828b2733c0c0defc7911,cool_stuff,56,444,4,2900,44,16,42
880be32f4db1d9f6e2bec38fb6ac23ab,brinquedos,45,589,4,200,16,7,11
2b6d84a08eed9e50e3d8389b56cd3327,esporte_lazer,33,537,3,500,30,10,20
1d1d29cb3e67f3a4d7eb040b5a13d361,moveis_decoracao,30,634,1,25250,41,43,91
66e08854f9319c6aa4874ca435598331,cama_mesa_banho,54,584,1,1400,33,8,23
564f6ff7ae760d6eda6d32c551724036,cama_mesa_banho,60,298,1,2500,33,7,39
b993dfaf418915ff7d0aa74016f030f7,fashion_calcados,40,303,12,500,29,7,16
32ab984210a9cc604931ba8408ec6994,esporte_lazer,45,450,1,1300,16,12,13
2e5c0bb27fdd53873a033938b91ed656,automotivo,34,812,4,2700,20,40,40
568e52d4c670b4d5130bae2dbf211c40,automotivo,53,524,1,1675,63,9,63
7d1de1f9f0157db00486b7ff28b6c5a2,ferramentas_jardim,54,708,1,5100,50,73,20
0eb2c19991a9a90d3536addc877e36a6,utilidades_domesticas,56,381,5,1900,30,15,15
af51d485dc5255ba2e18b21b550156e6,malas_acessorios,57,674,1,22350,32,74,53
0980718a7bdcf89f5848b202b6394965,beleza_saude,56,627,1,2000,37,30,24
a6b32d26b9f925954b1cd8339f664a6a,perfumaria,45,128,3,400,25,4,20
a9e0e7b3976de987fdbd2773ec699f0c,cama_mesa_banho,58,205,3,1350,40,6,30
ffb2a783fe9381154e13bb3457651996,moveis_decoracao,57,392,1,5300,64,40,50
6cc859e89d080218ff4416539ffa030c,cama_mesa_banho,59,225,1,1600,35,8,29
40057bb8798f91bc5835fe774b8b4c36,utilidades_domesticas,49,707,2,800,25,8,15
72af228db018a06518f1b2a8c070a2ac,livros_interesse_geral,35,1238,6,1633,17,17,18
52c87e7b33516eb97c3023a20848ea81,fashion_bolsas_e_acessorios,38,217,1,200,24,9,16
c354b34e5d5b2dea6889ae714861e8f1,fashion_roupa_masculina,63,509,3,500,36,6,27
fcf6ad274391aea29f5d6e5ef9da5050,pet_shop,51,1592,2,513,19,15,18
6a3dfd59a5999279171c5ea1014b0a09,esporte_lazer,57,854,2,300,16,2,11
7ead55b1f52de17d6dac82001470b2a2,papelaria,53,2504,1,100,16,2,11
e41a6ac2f57a273eb0d214c7cbab5db9,moveis_escritorio,56,1085,1,8975,35,52,36
985c412b0ac92ed9d8a76bbeab6d44eb,moveis_decoracao,40,370,3,1800,34,6,28
cd2c03056720c7de4d6a59c1167bdee0,fashion_bolsas_e_acessorios,50,554,3,100,16,5,11
59617a7c706291d0b7df5b380aa3e583,cool_stuff,53,108,1,400,19,14,15
ac9582d10bd0aa9ee0e32da77c4495b6,fashion_bolsas_e_acessorios,31,177,3,200,24,9,16
5e80fe2cee2f6de9a494047ed35a2fe3,ferramentas_jardim,63,1244,5,700,36,21,36
8015f5d7a88ec30688c99aa9486561f7,telefonia,51,44,1,100,20,20,20
2f02a124a827f65bfcc0baf443dad405,esporte_lazer,40,1686,1,3650,34,12,27
7fd93eccaf2d461cb6bc4bbd1aa91f1a,relogios_presentes,45,1527,2,600,21,16,20
419538c5c0c21d892928586bee1ea16a,cama_mesa_banho,54,289,1,2900,35,9,34
23ed7a10a36c6f88a757a9c83df9ea20,perfumaria,31,329,1,471,18,12,15
36efd30e7c14e8ed3a6557e9104112b3,eletronicos,58,1912,4,100,16,3,12
82cfbad6a3bb123bb807f51078765a0f,esporte_lazer,56,405,1,5700,25,80,25
24905035adec59d4ab5a46c13973ef17,automotivo,52,107,3,100,20,20,20
f99c1a9777ae7b608359a17bf3436d90,moveis_decoracao,59,382,1,450,20,2,15
c66d6e9a7e915171e7e3102f9afee78c,fashion_bolsas_e_acessorios,12,354,2,500,20,20,20
beda52fd19ab7f39cadee87a7f3f472f,ferramentas_jardim,42,148,2,900,24,41,24
4a5b6d3c24ac5f9eb93d07463ef04dba,esporte_lazer,56,1760,1,200,16,15,15
e9b3cf27d68caa64832c4a7c460abcb9,market_place,43,1373,3,1200,40,10,30
fdcd8c17805ad801a924cf11272a2834,esporte_lazer,46,1027,5,2050,90,8,15
1e571e871a93944c5c48e6226f2cd94e,beleza_saude,63,2652,1,400,20,20,20
7ed8c74b7ad2f1790a24a24c071da537,brinquedos,52,288,2,667,25,33,31
fe95eb948375116da759c8ef60295001,cama_mesa_banho,58,556,1,800,45,15,35
81521040c9500ac8e175c2839d193a46,telefonia,50,722,2,100,20,16,12
bd082283de9ecc71505205dfc7c6c9b4,brinquedos,40,280,1,1804,40,32,33
d7d4469347b566ef611163dc0b9cee2c,utilidades_domesticas,60,1166,6,1200,20,35,20
7fa380056f1fbd883cc80a75e60f207b,moveis_escritorio,42,1188,1,10125,57,55,22
4c1bbc12438daec98a77243c2bf7a3ba,moveis_escritorio,24,985,1,15475,81,7,83
8470bac0f1a7439fe183013eab283534,cama_mesa_banho,63,511,1,5050,45,15,35
04df667e73ca2fab4b9a97c86466b699,relogios_presentes,34,541,1,404,22,14,17
d00c845d98a49bda7c00543fa86d2540,esporte_lazer,53,674,1,400,21,19,19
27066995b777fb84dbcb25961fd6d007,brinquedos,44,619,2,700,16,21,28
d2fdf77a5b302a3adfb145131a217f2e,cama_mesa_banho,48,486,3,1000,45,15,35
f142a5ca78eb112cafbcf29f9a43eca7,telefonia,58,298,1,50,20,20,20
1eb85357e22bf0c8c2a6f10eafad8423,consoles_games,49,496,2,700,17,7,17
0561435e3af107a3bd2104466ad5985a,cama_mesa_banho,40,313,1,900,36,6,26
49e142d8098b20ff2dc9ec73cdd5afec,brinquedos,42,844,1,150,28,13,22
35084deab9603bbb6035bb8638b1df89,moveis_decoracao,49,100,1,1200,25,25,20
c4a45b9505564b0de1ff3e79062cffd8,moveis_decoracao,56,282,1,1100,45,8,35
ae7893ab2f9eec6630b5098e6362adc2,bebes,27,92,2,5600,25,37,36
7958e96171ca669184bf4a085d7deec3,cool_stuff,55,3766,1,5250,19,37,20
10dd77710da08ea43018cb3b4cedff92,esporte_lazer,58,1185,3,400,27,10,28
5a2de1e2c45d0602659260c6dd4aff70,moveis_decoracao,49,1449,6,200,16,16,16
ec5b3c8bb77ad22278f6e9d719a83de3,casa_conforto_2,46,348,1,700,65,18,28
9934888916de3bff6437a425052717a0,automotivo,47,561,1,300,20,20,20
c006d1427332464b79808bd9dfaec943,moveis_decoracao,36,252,1,500,16,34,34
ecbe1ef7e2903ff8b1d704ba78fa264d,esporte_lazer,47,920,1,902,19,21,16
5ecccfce6630fa5c5e1a9aadb8e87599,fashion_bolsas_e_acessorios,33,199,1,200,24,9,16
0c9ff9d8ed9b9bdd825487b3a66e05f5,automotivo,55,620,1,7225,61,13,61
0a9bba9c02d484c391416587002dae47,beleza_saude,62,554,1,900,16,16,15
fe55c83c8471a2fca643b9291c1f105e,moveis_decoracao,50,486,4,600,35,10,35
137cf4a496d574ddab72e448e6a4ae2e,esporte_lazer,48,888,1,300,16,6,12
942a3f93bb7ecf95f0b901bd89f4acdb,esporte_lazer,48,2639,4,1250,20,35,26
2d7bc40a076687ee0ad5b507ecafd4f3,,,,,500,16,12,11
a819714dd23a6ac18b1be2b13686017b,automotivo,54,393,2,100,17,17,17
2d2600c283c0c1af0528fd84c14a2c28,bebes,32,467,2,4117,60,15,49
838944cf86ccee50e01a52fba21cf29b,beleza_saude,63,1540,1,2500,16,32,17
af4d2eba32e1b183e1934671e7683d20,utilidades_domesticas,31,745,3,200,25,16,19
fd440fd792fd8a4b681f1eb258c25445,moveis_decoracao,54,573,1,1200,33,8,23
0de1e69dff6f40f9f71be7034a8bb8d2,perfumaria,42,388,1,579,21,13,17
4396a21dbcffe535748c5df0f544b5de,cama_mesa_banho,53,332,2,1800,26,26,26
28c8150eb44ec8106c8f061afd9c3e9f,telefonia,63,1036,2,110,23,6,15
7c68e7297c7df2535c9f0dcd61007f64,moveis_decoracao,63,361,3,300,16,5,11
a760ef0bb70c954d79e62ec6023d380c,cool_stuff,32,1115,1,1333,24,23,25
91b08d34d0ba4db44da2dc382867ba49,telefonia,47,137,2,100,16,4,11
3b2171e2d0d589efd2eb579ced25dc80,livros_interesse_geral,37,2118,1,1550,17,18,18
b17808303e15dd50538c011b44295427,cama_mesa_banho,56,502,3,1050,23,93,118
1074656a4fa698879d65d619f58083b2,esporte_lazer,57,779,1,1150,26,23,21
a97c27ea59cd231856af01eceb977ac9,utilidades_domesticas,60,120,1,1500,45,45,45
f1f762d742a61bd111909093655c621d,beleza_saude,58,119,1,700,18,18,18
913580fde3e72c3b3e4ce0b79963bee6,telefonia_fixa,53,318,4,100,16,5,13
99b89f140f651db441848081814dd1a1,informatica_acessorios,32,296,1,1000,24,25,21
f1443bfa1e4eadc787b25d959f21163b,esporte_lazer,26,728,4,200,20,8,11
4b88b15eb9d5ad74ffa095bcd4ddb64f,market_place,43,919,4,7500,24,38,23
7d854ab97c64ef9df2bbfaf332765786,cool_stuff,44,598,4,4100,89,4,42
c94d19d021d4a8fbae5a45f904aeea90,moveis_sala,34,612,4,9750,27,15,92
65987bbda0b048eb2cbd8fb635c959ab,beleza_saude,37,1020,1,300,26,5,18
8ce0b48cdcc4b753ae4de64497998338,telefonia,52,1371,2,600,18,6,15
b4f9530c931398e215242293c2c8ba4c,telefonia_fixa,59,1542,3,283,20,9,15
c1a97b7dfb03db09a3736bd6f1eb9034,beleza_saude,54,1598,1,800,16,5,11
55ba658d5c2f0b1f118f98c36fe3fa04,brinquedos,63,2136,1,200,16,2,11
d902ca64b614964dc31d6b0372e800ac,moveis_decoracao,56,297,2,750,100,5,20
b77ae16cc8f67cd1c0ec781d5bf4da2b,cool_stuff,60,594,1,2050,42,25,15
d0b92134fa97a1ead038775a821847ea,moveis_decoracao,47,1048,1,400,35,7,27
06abf4be826ed1d548e8a22a3d75d912,beleza_saude,59,1811,6,5250,56,17,40
9b1c7bc7cad0519369a5ea04afe303f7,moveis_decoracao,55,829,1,800,34,8,22
fd8a5b9a8a79d7ba0739d69be5dc5aa1,relogios_presentes,44,394,3,850,17,13,15
73f5461cce8ab8a4db14936789113bfc,cama_mesa_banho,43,476,1,2350,47,9,38
871cfa7d587b8305a5a0e376866323ef,esporte_lazer,40,593,1,4300,21,21,11
c57d1d566402540eb9be608112ced702,consoles_games,51,415,1,700,16,16,16
e2b9252181ddde232e0bfb68df262610,beleza_saude,61,1337,1,1600,27,10,19
0b230f10ac2cfc4c831b825bf31a5de2,pet_shop,63,1440,3,1500,50,20,40
5050cfa82dba6f455d0e91b798777f21,beleza_saude,40,273,1,450,18,16,16
036bcd084feae22f3a997f5080ec30df,moveis_quarto,61,1961,1,200,16,2,11
02a99f266fc960423c1186ecbd627804,esporte_lazer,39,720,4,300,22,14,18
73a41d74cd46a1c78fe0a50d09920f3a,pet_shop,60,770,3,450,35,22,28
93c311d5adbe1ef297001d0b6f19894e,moveis_decoracao,35,252,1,3100,16,34,34
4bb4fb9c85785b75ab4f6559900c7ca1,telefonia,49,394,2,150,19,4,20
b45755e01d70d935e074cdde682bed74,cama_mesa_banho,48,472,1,1420,47,9,38
a703f5ade6e4fae527357132230ea778,beleza_saude,57,1271,5,225,45,10,14
3e8a0f0a4389aa563b110eab167d99d4,bebes,60,1212,4,1400,28,13,21
8ed9e6b1cbb80b223b70376a8659bee0,moveis_decoracao,63,162,3,2000,61,3,41
bb936e22237d5ec143263050cd705132,bebes,32,572,2,700,59,27,11
4f4474c152e4d8831cc0abc3551e8ff4,beleza_saude,45,2244,1,1188,17,16,17
47f699d9462e071f977f612be2b5b67a,beleza_saude,44,1400,3,1350,41,21,23
817e1c2d22418c36386406ccacfa53e8,moveis_decoracao,37,267,1,2750,50,50,16
cddf971ea646c184a153eb3899113d5e,esporte_lazer,22,507,1,200,18,5,18
be7815756efd025355c3e09139c3f2ac,moveis_decoracao,54,441,1,2900,40,7,30
69faf0d53eb73597d6cfd50175901a56,beleza_saude,36,1732,2,300,37,23,24
3a70556370b28da113dfdd18d2da5413,moveis_decoracao,53,617,2,633,45,4,35
72f399a2336a151acdb3a0a3b391f75a,,,,,1300,20,20,15
461a85909a0075c82f74d0221f6991c9,utilidades_domesticas,52,1307,3,8450,35,35,35
c347e9e3e30d35fff96379aef21c40d4,cama_mesa_banho,57,604,1,2820,34,8,38
02ce467092b184e71d3967d29110adc1,moveis_escritorio,40,1187,1,12275,40,54,38
7e441b33f896ba519d58063f4c714bef,moveis_decoracao,51,372,1,300,37,15,27
7efc9c66bf68e3026c7846b0ec3e8682,beleza_saude,42,375,1,350,26,5,18
d41a53937c9fddcd3aafd96be7d4f345,cama_mesa_banho,60,554,2,567,53,4,40
a203dd46978039dcbd6329a71112f09a,eletroportateis,54,361,1,17200,37,70,37
0e9dfb804bafa3d68ef3ee7a621abfb2,moveis_sala,17,531,3,30000,68,55,77
cd64fc35f195d70cebe293e0b60dce33,,,,,100,19,3,11
545085671b9f2d7d2e1a9110b15d838c,relogios_presentes,43,1534,2,413,19,12,15
9262b60f16a326c81c74275472fbe0ce,cool_stuff,57,1129,6,1550,35,47,48
29bedbfbe73ea473396306b4f0c010ec,utilidades_domesticas,47,187,1,7600,55,33,40
e500a9395078ba5b59387db0dbee0063,musica,60,1862,1,200,16,2,11
d5889e40a08a57aff04de227408ed197,moveis_decoracao,46,696,2,1100,30,6,32
8c22b9ad6943f7dfc87fde6fb92ab133,moveis_escritorio,55,1294,1,7900,52,51,17
dc387d493524242e32ec63d1073e98f7,telefonia,57,164,2,100,20,5,12
20518c6950587eb5e8f02dad2fa0d685,market_place,63,1652,3,200,22,4,15
ea9394ab60edfa4cca87947a938e8046,utilidades_domesticas,54,997,1,2010,32,75,32
9453bde60c4ee52155c963641736cfc5,beleza_saude,44,1056,1,750,30,30,30
d99a9035db5875b38e59f9f55b9548f1,moveis_decoracao,63,157,3,10100,64,8,64
b7e0771f4064f03ece592bce8ae2564e,moveis_decoracao,56,905,1,3800,23,37,36
8317b177579dd27ff068b83205e2169b,cool_stuff,43,465,1,400,18,12,14
9e93b2c4cb5eea05e75a481c129b104d,automotivo,42,291,2,300,16,3,11
e456721fdab66b576664c035ad183965,fashion_bolsas_e_acessorios,31,125,4,150,16,9,11
9a9f428eef4cf4c588633509b9fd1c5a,automotivo,49,640,1,1050,14,3,9
a0eccc912d428eaddf1ef4fe47593ece,moveis_escritorio,36,809,3,30000,62,55,60
9dc618f54fd1da651f99468dcf5191f3,livros_interesse_geral,45,1334,1,579,30,14,31
884fa3cd42986ba480ea2f8ae4e25ff7,informatica_acessorios,40,354,1,850,31,11,11
19f1647ffc7e4a8ea74bf2dc45ac8e44,moveis_decoracao,29,707,1,1700,19,7,16
1b717631654816892a7b2ef8b7c7c3c4,moveis_decoracao,55,1963,3,3000,69,11,11
9a78fb9862b10749a117f7fc3c31f051,moveis_escritorio,45,527,1,9750,42,41,42
3758055ab2434bd36ac78e00b15b5cf6,beleza_saude,52,1193,3,600,50,8,105
cd23f8469a90c62d99eb9bf8ad74fed1,moveis_decoracao,63,443,1,4000,45,15,35
4da918a160c19da9bfdf9945d18006ec,instrumentos_musicais,56,1262,2,5600,30,62,45
4633dfeb3a2588bdb52af32d504b44eb,telefonia_fixa,46,218,4,150,16,4,11
f33a17471b6e603085c4a0ccd48ce19a,moveis_decoracao,57,2434,2,3000,69,11,11
aeeed2c170290c9293b7f8f401714e01,informatica_acessorios,44,675,3,200,18,6,16
0768657d39e02ff11e1a30708e010588,telefonia_fixa,47,246,2,200,16,2,11
33731b575da5eeaa98cd7c30b2c5c2e0,ferramentas_jardim,47,1506,4,700,20,45,20
a5c3ddb1a400f50d1cf7138727aec136,brinquedos,49,485,1,7811,45,28,46
b00cef861f6f633cc9eded86aedd8f3a,cama_mesa_banho,50,381,1,2200,47,21,41
0dcd34a72eb2310d44b1e823a4ecc7b7,informatica_acessorios,41,1762,5,5800,52,17,23
09b590ada623ecf66329917ea4731957,relogios_presentes,44,1396,2,214,17,11,13
c1488892604e4ba5cff5b4eb4d595400,moveis_decoracao,59,426,2,1400,32,6,28
00e32638060f6356e6f00749dc466b5c,esporte_lazer,45,561,2,7050,20,105,20
25a1c5b2e0ccbf703cb7b69ffebfaf38,ferramentas_jardim,39,1507,2,1100,20,20,20
23384f296aa1bf6461d22912093a9847,cama_mesa_banho,63,434,8,100,16,10,16
5c75915e4a74994308fe805cdbfbf5f5,automotivo,43,668,2,100,20,15,15
0dcbc0d012d42719216ea7dff6b90a6f,brinquedos,53,1047,5,1700,28,50,24
5be29135cf368b56e0b1920b2e77989f,cama_mesa_banho,50,300,1,400,25,3,21
f9eb3d4735a873ed48d15dea16183664,automotivo,60,3849,1,1100,24,18,18
c8c073a1cae6a98799d7581958ede514,eletrodomesticos_2,43,1009,2,6025,32,35,35
c3182d1991c7d4859e8f39b6c45a026b,eletrodomesticos_2,60,757,1,700,28,28,28
dfb92838905ead933a01256a80edc894,esporte_lazer,49,1094,1,7400,100,10,16
20205e1ea024aec43a7a3fc0d8f7a287,moveis_decoracao,60,464,1,1500,105,5,30
362aecb999551eb6adcd8c5594e255fc,consoles_games,31,2291,1,200,33,33,33
3c794d260ad4b5f507a5d90df23523bf,market_place,63,2200,1,500,33,6,22
5691a536d459e5cb326b7bedce928067,climatizacao,41,775,4,8600,29,50,25
4e77e23d6c2215228d4ab312c0b8d405,perfumaria,31,65,3,400,22,3,16
b1ffef38f0db9fb4e1a6f91b47ec63d4,telefonia,45,636,2,100,20,20,20
fca5d31cf768e5bf8a75483fa7f4674c,moveis_escritorio,59,1141,1,11400,52,52,16
ba05e2861971098fc7ecd8162c23452a,ferramentas_jardim,63,692,1,850,22,7,17
8f1e43e0e3374ed8c84df748034d6179,beleza_saude,59,2710,1,1000,20,20,20
8abc2d73b55855c07b6888d4b21b3da6,consoles_games,33,1223,1,400,25,5,23
d38001d747d4cd832d1ceb2c2d3ca15d,moveis_decoracao,30,1466,2,1700,38,25,33
a50acd33ba7a8da8e9db65094fa990a4,automotivo,53,555,1,4105,67,10,67
42d2add84cc80443a8128adc87b6a958,perfumaria,33,1458,2,467,19,10,14
29313c7daada9c7f09bed37fda499026,relogios_presentes,42,742,2,300,16,13,13
17383e180cbea9ef103d90a72754cd54,utilidades_domesticas,62,997,1,30000,32,75,32
8d15106f1709b2a5340c0141ec76144e,cama_mesa_banho,50,218,1,2700,40,15,40
0ab80f38a21093b448518f68efe82c24,utilidades_domesticas,63,245,3,200,16,4,11
e297f32e51682c1c7d6195d58a86d92b,eletroportateis,47,760,2,11700,60,40,40
8ae1fefcfdc30ea49de246665b6d2713,,,,,400,16,15,15
6fba9843ddfdebe33d2625afc8001eb7,esporte_lazer,36,258,2,800,28,6,26
1be9a7b25f7ddfe1dfda88b9b64f595c,relogios_presentes,52,724,2,200,16,11,11
6f33a4a09ae1180a0ee1ff4682b2d21f,brinquedos,49,426,7,700,44,12,22
010a3a47c14f1295796c08419f32cef6,telefonia,41,285,1,200,19,5,11
abba22ec8f8647474e51e996d74da8e7,telefonia_fixa,55,1172,5,1000,24,6,24
6b42b1f7dfb74bb23a01605fbedd5b85,cool_stuff,54,1596,2,1600,60,5,36
30001d6521e7d5826eb1881050cea7e7,informatica_acessorios,33,1084,2,150,41,2,29
a8557b8cc2880e245f6e7b7dbb0cfb04,moveis_decoracao,32,950,1,600,20,56,20
0c21c38f5c53913ec6ae3884484aac81,beleza_saude,58,2869,1,500,16,11,11
33e0cfd1cd80a0491da068d7a7f93ff8,cama_mesa_banho,44,501,1,2400,30,30,30
43bb8825dd6838251606e5e4130cfff4,moveis_decoracao,33,259,2,1500,65,15,15
1789a1b00c33bec9db6e27b4848a5c94,informatica_acessorios,37,603,4,400,37,6,12
34b61264ecf24043cc09e6f4dbf6c0f4,bebes,25,1203,2,9133,48,35,64
0f18dd94b11fed8cecd947decde9d3b1,relogios_presentes,37,526,1,300,19,9,15
ec1600d8f15b93ce3e402f522696a18c,beleza_saude,24,407,6,20200,90,60,20
328ccc632fdfa11f13190f1e6c773bdb,informatica_acessorios,57,798,1,150,20,15,20
812b558694cd8e22f35f9d1bcfb549b5,dvds_blu_ray,40,747,1,150,20,2,14
6f26402132b4c218396901cc4cf2804a,esporte_lazer,48,516,3,613,24,15,20
ee2f96cb63d491d963a67285f048775a,market_place,62,1044,1,700,20,20,20
fd37eb547d2c63b60bcefd68951ee54d,moveis_decoracao,55,238,1,2700,50,12,40
c1678a85525ac9b08eb174f36a1d944f,moveis_decoracao,55,261,1,4000,47,21,41
4af813a3e5bc89370ef80fe126542076,brinquedos,43,1433,5,10450,35,45,70
d36c8237f8a0a889aa9d6ac7816097e3,,,,,8750,80,10,60
660422061e06da17ca6101e9d6b7aae8,esporte_lazer,35,1214,4,30000,40,97,40
d9ee0c2943c9663aef6a2bc0411cbc14,moveis_decoracao,57,130,1,2400,40,9,35
49eaaa38ac3df51ca790372b47b99604,beleza_saude,36,1467,1,175,19,18,14
e08d86e1c599e2373d95380ac9a3ccc8,ferramentas_jardim,54,926,8,5000,17,30,30
0cf13ac73dbcf6586ba63b89dd1f780a,moveis_decoracao,39,398,5,3700,25,35,35
f8dc3e347e9b954a84d1d5e42b500e4c,market_place,35,498,2,300,16,10,11
81288df52439985f610be64465e53f57,esporte_lazer,53,3189,7,3775,35,30,30
209fa5709fd95c3fac1edddca1d6c505,cama_mesa_banho,46,372,1,1450,34,12,40
dd27fbe859b9453b8147c3aaf47623c7,moveis_decoracao,60,3116,3,2300,35,32,47
704e268deb9b8eb20603204783b7a0d2,moveis_decoracao,52,746,4,15400,40,60,40
5c6dad13ed0e96184a1bad2adbbd6394,ferramentas_jardim,36,934,8,4000,40,13,19
3ed31fdf8af68a6c0b059a256420a5c5,ferramentas_jardim,64,692,3,2600,30,20,20
6b2c1aa8429875eb5ade006973f8bad8,telefonia_fixa,41,222,3,90,18,7,13
5faf9582cc171d5db03fdf4b80076a15,moveis_decoracao,31,632,1,23500,66,43,66
32272e8a9336baf4548671ac811f4f14,beleza_saude,35,906,2,750,18,13,13
c0400a62c5019cdc69bfc76d39b1cfb4,cama_mesa_banho,47,392,1,250,28,5,16
378bb6601c068c842ca65be6c5e45ccd,alimentos,40,911,1,1700,16,18,15
c941e81ce9fde807c2747a28fc360206,automotivo,41,3326,2,225,22,20,16
a6f74de3ddfbdc9b33885b92656f992b,fashion_bolsas_e_acessorios,39,582,6,150,16,9,11
c0275a8ac94fd0866ba76c7d2496bb5c,cama_mesa_banho,60,494,1,3100,41,17,34
8453809459840629ed9a2ba9735c551e,moveis_decoracao,53,247,1,1100,40,7,30
1fb368a1506cced21a07abb6d220c4e1,consoles_games,46,1469,4,98,17,7,12
d4ed9e130fbb1aca77ea64f08f1b20cc,utilidades_domesticas,50,424,4,300,16,4,11
991669e10bb13b3502329f768c98c7e6,esporte_lazer,31,987,8,300,18,6,15
4b1bf508b7e2b27e8472c16d7f189909,automotivo,63,1049,2,2800,40,16,40
77f70ac9f5426624db4fb65c4f1195b8,relogios_presentes,47,702,2,300,16,13,13
243bb58796ed2164b831fb75e1241888,automotivo,43,246,7,300,16,7,11
e12685e3aebb14bb04c2b22992de81cd,moveis_decoracao,55,630,1,3300,35,35,35
f436a5130457df6b73cdb2c12a90ea2b,moveis_decoracao,51,498,1,2500,30,30,30
2239cf6b4421c4bd57f8a87127800929,moveis_escritorio,26,989,1,16125,81,7,83
b17184dce2f379b2a98393d8ae885611,moveis_decoracao,40,442,5,20800,50,50,45
8bc9dee0f2da0b7ad43095be7ad8414f,cool_stuff,41,1547,2,9200,64,35,35
61984b4164968929229a5bed244e353d,cama_mesa_banho,53,396,3,850,38,13,25
f3dd572f31692bb5b6ab21d2af0673b1,cool_stuff,56,730,1,2550,35,28,22
623fb8cc5f36842aa32650e2208a08c8,relogios_presentes,58,361,3,200,18,8,13
30d55419015a4d9c2ca68586923d5a9f,utilidades_domesticas,56,509,3,300,21,16,15
d34984353fa530831479ab9686c090e7,esporte_lazer,37,2983,1,10200,34,38,34
ab4d426852a7cd31cef3270bfab3bcdd,beleza_saude,56,2223,1,2300,30,10,20
efea073f60eaa399daf907a712f18a85,cama_mesa_banho,57,663,1,900,29,4,36
952d57ee94f3a9873bc70d9789a21c8a,moveis_decoracao,63,697,5,2100,31,49,31
8a2e3dc0454cf3b02230d01623b294a4,fashion_bolsas_e_acessorios,50,378,3,200,16,9,11
6c32e1f7898b6a905ee6ccf087461abd,moveis_decoracao,60,764,1,900,20,20,20
242edc6b84c00f0d48c664a020a92c52,malas_acessorios,39,131,1,500,23,45,32
1412c0124f6acb78a0a1023ea5e82c88,perfumaria,46,409,2,500,37,23,24
e751ef808163a46290ab3b4cbd70b6ad,moveis_decoracao,34,246,1,700,22,14,12
6c7a0a349ad11817745e3ad58abd5c79,seguros_e_servicos,55,506,1,1225,27,35,15
7868a64aa111bbb4f41f8e1146c0becb,moveis_decoracao,59,438,1,1200,30,5,20
661e3bba6bdb874638367462b49ae590,,,,,450,30,5,30
a063b454bac19ab435a4594bab9b9eed,pet_shop,63,2226,8,20900,60,40,40
ad53b56bfd80cb8adc160a3deaa239b9,telefonia,53,2178,2,500,23,7,15
d3c4c77b75d9e3c3d4ee9b1e40591b04,automotivo,47,800,2,183,18,7,13
4c55077cfe05007e8051304d1b721343,beleza_saude,63,751,1,300,16,16,15
25ed6ff9d1830f39f847e63f2653c07f,telefonia,36,1113,2,239,17,20,13
7eb2e1637a623d3491843dff3bad4836,utilidades_domesticas,60,943,1,11300,32,75,32
d5f4f441812a9a67cf8fa6d6019192c8,beleza_saude,51,1540,1,1700,20,15,15
9319e2f1f22df2c8e4a74f8b8f392e24,telefonia,43,267,1,100,19,3,11
21a95b5525c6d658ff4e5e1b50f7c02d,brinquedos,24,318,2,650,18,25,19
b23fd3f070d09d342bffeeea53c27aa3,ferramentas_jardim,63,573,3,17000,30,64,30
9251443819682703b07d22f78d20d603,fashion_bolsas_e_acessorios,56,1427,1,200,16,2,11
843c3f321cc992f9a1a3c6319fd568f2,automotivo,41,248,1,442,14,15,16
6f19f41a7c7ac7e45f4070d07ed80a75,dvds_blu_ray,45,721,1,150,20,2,14
146e38440bfc14b0d923856ddac3709f,brinquedos,42,1109,2,1300,16,35,58
3c980d4656c6379e6dfd704a2cc48a88,bebes,41,1098,2,1167,30,25,26
26c574b434aeee44ae054dcb540f2ebe,instrumentos_musicais,58,1086,2,1350,30,9,15
13c6408395db73f81805ef46fa6ac926,esporte_lazer,43,687,1,300,18,9,13
cfd43c5e600d45ac029357406b05dd82,climatizacao,46,317,1,5333,38,38,27
a855248349fb73a158bae22b79ae955f,moveis_decoracao,53,752,1,550,20,15,15
95c40b993a22463c83beb5c51a03d46c,informatica_acessorios,33,1084,2,200,41,2,29
2235d08138bfce7801a73463a3168ea5,esporte_lazer,63,923,3,1200,70,8,15
e0b0974d4a06e6bd75b1412858f39da3,utilidades_domesticas,63,923,10,2900,37,4,31
33430c5c1027d812b5c62f778e5ee7f7,consoles_games,41,309,1,200,21,21,21
062619359d5f9a664606cb2a6ccb477a,beleza_saude,64,1394,1,2000,20,20,20
1e6981e727154bcd941d51fda894b183,bebes,18,778,2,1450,18,44,34
8e49e2b4aaa2a78f82c80d2e488084f6,,,,,1500,35,33,47
f821142b81bcee787d6383b5c384d37d,moveis_decoracao,42,1644,1,1100,35,25,25
74d7448191f6e492834de7fe6dd952c2,beleza_saude,48,313,1,4800,28,28,18
acac295886c915b0bcb309cb4158c0a7,informatica_acessorios,30,3412,2,7300,50,35,25
ddc50b859563aa0b3d663559f3696690,moveis_escritorio,30,1343,1,11113,58,55,24
21fb5057dd6a737df6851a7ab7a130da,moveis_decoracao,52,709,2,7550,35,35,35
4c72e6d081c8a1b5430351d015eb86ba,moveis_decoracao,48,183,4,2000,35,15,25
a9516a079e37a9c9c36b9b78b10169e8,moveis_escritorio,41,1141,1,8683,54,64,31
880a54b4d8c28e6f7f519ae8caaa09db,cama_mesa_banho,58,723,2,1900,42,10,36
f1e297029531521190bb2312a90df567,moveis_decoracao,51,1078,1,500,35,7,27
4c50dcc50f1512f46096d6ef0142c4a9,,,,,800,16,2,11
54d798aec2c073d2d403f66ee33ddbe4,moveis_decoracao,40,409,5,700,24,19,22
dd6a505f83dd3c6326aa9856519e0978,brinquedos,43,623,5,200,16,7,11
6f7064aeb028bc3a214a6e2bd5795e9d,brinquedos,21,265,1,1202,44,24,23
196616257eff8bc851dc4fc041cbbbe9,moveis_sala,32,608,2,9750,27,15,92
3572a945e47ca64e7796603040878145,moveis_decoracao,43,561,2,2000,40,15,25
0df2a1aed6dc8c10577115fa9e4b6de0,ferramentas_jardim,54,350,3,1233,32,15,29
00636f9286f69c9f1bdabe76e670fb50,moveis_decoracao,60,382,1,500,25,2,17
01586bfbe1d5449887f1cac4ad1fbd02,telefonia_fixa,47,330,1,125,17,6,13
0167ff78aa8cd40d5432d3daae646c7a,moveis_decoracao,30,195,1,700,33,4,24
b6f134ff2933bb0ee1f36e2865f21a91,moveis_decoracao,63,637,2,2500,39,9,29
b9ca19b5696ec2668f48ae264c05bad6,fashion_bolsas_e_acessorios,36,615,5,800,16,5,11
336cfb12a5468070795ae4c964f4ce47,esporte_lazer,35,584,3,1000,40,20,20
15b3d4c8373cd64166af5504b49d289d,moveis_decoracao,60,856,1,1400,43,5,30
17c7ec33a1657924ad493e6978b4bf91,bebes,31,594,6,950,22,20,28
fa51e914046aab32764c41356b9d4ea4,,,,,1300,45,16,45
f9d151cf2fc10d41cce64b782856320f,informatica_acessorios,54,454,3,75,17,6,58
819fc0e9c061a08bac3d5044eb92b173,malas_acessorios,59,320,1,850,20,44,39
aad225c687cc75ba1148d41f2ce414c2,informatica_acessorios,43,390,1,1300,46,7,12
2b4ad41f87f5ca9daba350c8f886b729,moveis_decoracao,49,2043,3,5500,70,7,50
3410cbd7df2130ec3cb9300ef0fe3df1,informatica_acessorios,34,324,1,675,21,13,16
8d99a7ed81f061ceed740d8900be880a,cama_mesa_banho,55,396,1,3775,35,13,25
daf9915404caf75fa1717a436b46fa14,moveis_decoracao,63,379,5,1400,33,15,30
65bb78cf0bbc3ca6406f30e6793736f9,moveis_decoracao,56,296,3,2000,100,7,12
f9bb291280bceedf7840b89e1e75b89c,moveis_decoracao,57,113,11,2400,40,8,35
2636a9812d151c718b53387171ce08be,beleza_saude,52,2088,1,443,21,13,17
9ce4603565c839785b24a7e95e28f4eb,cool_stuff,40,1516,2,800,22,15,27
